index,url,valid,domain,title,description,image,published,archive,content,quote,language,keyword
https://kaernten.orf.at/stories/3283473/,https://kaernten.orf.at/stories/3283473/,0,kaernten.orf.at,Alte Brücke wird für Neubau genutzt,Beim Bau zweier neuer Brücken auf der Tauernautobahn im Liesertal wird erstmals in Österreich die bestehende Brücke für die Konstruktion des neuen Talübergangs genutzt. Dazu wurde die 600 Meter lange Brücke im Mai um sechs Meter angehoben. Von oben wird die n…,https://ibs.orf.at/ktn?image=https%3A%2F%2Foekastatic.orf.at%2Fmims%2F2024%2F49%2F24%2Fcrops%2Fw%3D1200%2Ch%3D627%2Cq%3D75%2F2439785_master_933124_kh_insert_baufortschritt_bruecke_tauernautobahn_2411xx_00_00_01_12.jpg%3Fs%3D87a6eab145f726898e7931406e2974b5369764d6,2024-12-01T11:57:57Z,https://web.archive.org/web/20241202020108/https://kaernten.orf.at/stories/3283473/,"Der Talübergang Steinbachbrücke im Liesertal ist derzeit wohl die aufwendigste Baustelle Österreichs. Die alte Brücke wurde um sechs Meter angehoben, von der alten Fahrbahn aus wird die neue Brücke j… [+2905 chars]",,de,'Tau'
https://www.zeit.de/news/2024-12/02/regen-und-schnee-sorgen-fuer-glatte-strassen-im-suedwesten,https://www.zeit.de/news/2024-12/02/regen-und-schnee-sorgen-fuer-glatte-strassen-im-suedwesten,0,www.zeit.de,Wetter: Regen und Schnee sorgen für glatte Straßen im Südwesten,Hier finden Sie Informationen zu dem Thema „Wetter“. Lesen Sie jetzt „Regen und Schnee sorgen für glatte Straßen im Südwesten“.,https://img.zeit.de/news/2024-12/02/regen-und-schnee-sorgen-fuer-glatte-strassen-im-suedwesten-image-group/wide__1300x731,2024-12-02T06:57:49Z,https://web.archive.org/web/20241204032029/https://www.zeit.de/news/2024-12/02/regen-und-schnee-sorgen-fuer-glatte-strassen-im-suedwesten,"Im Südwesten startet die Woche mit einem Wettermix aus Kälte, Schnee und Regen. Bis zum Wochenende kann es auf den Straßen immer wieder glatt werden, wie der Deutsche Wetterdienst (DWD) mitteilte. Di… [+673 chars]",,de,'Kälte'
https://www.bild.de/regional/bayern/wetter-wetterdienst-warnt-vor-glaette-in-bayern-und-baden-wuerttemberg-674d5e8a66a5f55995a58565,https://www.bild.de/regional/bayern/wetter-wetterdienst-warnt-vor-glaette-in-bayern-und-baden-wuerttemberg-674d5e8a66a5f55995a58565,0,www.bild.de,Wetterdienst warnt - In Bayern und Baden-Württemberg wird es glatt,"Regen, Nebel und möglicherweise sogar Schnee sorgen für feuchtes Wetter im Süden Deutschlands. Deshalb warnt der Deutsche Wetterdienst vor Glatteis.","https://images.bild.de/674d5e8a66a5f55995a58565/2d6ae71fc3c847cca3bd767423c661e0,bf9d2378?w=1280",2024-12-02T07:46:15Z,https://web.archive.org/web/20241203025721/https://www.bild.de/regional/bayern/wetter-wetterdienst-warnt-vor-glaette-in-bayern-und-baden-wuerttemberg-674d5e8a66a5f55995a58565,"München/Stuttgart - Regen, Nebel und möglicherweise sogar Schnee sorgen für feuchtes Wetter im Süden Deutschlands. Im Laufe der Woche fallen die Temperaturen. Dann kann es gerade für Autofahrer teilw… [+1736 chars]",,de,'Kälte'
https://taz.de/Kollaps-wuerde-zu-grosser-Kaelte-fuehren/!6053720/,https://taz.de/Kollaps-wuerde-zu-grosser-Kaelte-fuehren/!6053720/,0,taz.de,Kollaps würde zu großer Kälte führen: Forscher blicken mit Sorge auf den Golfstrom,Wird die Atlantische Umwälzzirkulation bald kippen und Europa mehr Kälte sowie Regen bringen? Das ist unklar. Aber das ist kein Grund zur Entwarnung.,https://taz.de/picture/7387582/1200/1420905-1.jpeg,2024-12-02T07:49:00Z,https://web.archive.org/web/20241202153748/https://taz.de/Kollaps-wuerde-zu-grosser-Kaelte-fuehren/!6053720/,Wird die Atlantische Umwälzzirkulation bald kippen und Europa mehr Kälte sowie Regen bringen? Das ist unklar. Aber das ist kein Grund zur Entwarnung. mehr...,,de,'Kälte'
https://www.faz.net/aktuell/wissen/medizin-ernaehrung/hilfe-beim-abnehmen-weisses-fett-laesst-sich-in-braunes-umwandeln-110112045.html,https://www.faz.net/aktuell/wissen/medizin-ernaehrung/hilfe-beim-abnehmen-weisses-fett-laesst-sich-in-braunes-umwandeln-110112045.html,0,www.faz.net,Braunes Fett: Frieren statt Diät?,"Das meiste Körperfett speichert nur Energie. Doch „braunes Fett“ verbrennt Kalorien, besonders bei Kälte. Das könnte beim Abnehmen helfen, hoffen Forscher.",https://media1.faz.net/ppmedia/aktuell/3958703567/1.10132883/facebook_teaser_fplus/das-meiste-fett-wird-unter-der.jpg,2024-12-02T10:25:18Z,http://archive.md/20241202104412/https://www.faz.net/aktuell/wissen/medizin-ernaehrung/hilfe-beim-abnehmen-weisses-fett-laesst-sich-in-braunes-umwandeln-110112045.html,"Wie hält man es aus, im finnischen Winter bei Eiseskälte draußen zu schuften? Das fragten sich Anfang der Achtzigerjahre Forscher der Oulu-Universität. Sie entdeckten: Die Bauarbeiter und Holzfäller … [+132 chars]",,de,'Kälte'
https://www.n-tv.de/auto/Jeder-dritte-toedliche-Radunfall-ohne-Fremdeinwirkung-article25402983.html,https://www.n-tv.de/auto/Jeder-dritte-toedliche-Radunfall-ohne-Fremdeinwirkung-article25402983.html,0,www.n-tv.de,Tausende werden verletzt: Jeder dritte tödliche Radunfall ohne Fremdeinwirkung,"Immer wieder machen Unfälle, bei denen Radfahrer sterben, Schlagzeilen. Vor allem Pkw und Lkw sind dabei oft im Fokus. Eine aktuelle Untersuchung zeigt aber, dass jeder dritte Todesfall mit dem Rad ohne andere Verkehrsteilnehmer geschieht. Dabei spielt ein zu…",https://bilder3.n-tv.de/img/incoming/crop25402982/920132145-cImg_16_9-w1200/479005987.jpg,2024-12-02T12:09:30Z,https://web.archive.org/web/20241202184150/https://www.n-tv.de/auto/Jeder-dritte-toedliche-Radunfall-ohne-Fremdeinwirkung-article25402983.html,"Immer wieder machen Unfälle, bei denen Radfahrer sterben, Schlagzeilen. Vor allem Pkw und Lkw sind dabei oft im Fokus. Eine aktuelle Untersuchung zeigt aber, dass jeder dritte Todesfall mit dem Rad o… [+2048 chars]",,de,'Tau'
https://www.bild.de/news/wetter/wetter-ab-dem-zweiten-advent-kommt-der-winter-chance-auf-schnee-steigt-674d4b6fb235e909e3379e9e,https://www.bild.de/news/wetter/wetter-ab-dem-zweiten-advent-kommt-der-winter-chance-auf-schnee-steigt-674d4b6fb235e909e3379e9e,0,www.bild.de,Ab dem zweiten Advent wird es Winter - Polar-Peitsche bringt endlich Schnee zu uns!,"Wetterexperten prognostizieren Schnee zwischen dem zweiten und dritten Advent, besonders in den Mittelgebirgen und tiefen Lagen.","https://images.bild.de/674d4b6fb235e909e3379e9e/b0e4f7ca34435b55188581258f227f0d,c6a4494f?w=1280",2024-12-02T12:18:15Z,https://web.archive.org/web/20241202132524/https://www.bild.de/news/wetter/wetter-ab-dem-zweiten-advent-kommt-der-winter-chance-auf-schnee-steigt-674d4b6fb235e909e3379e9e,"Schnee oder nicht Schnee. Das ist jedes Jahr besonders zu Weihnachten die große Frage. Noch ist es zu früh für Prognosen. Doch ein Hoch über dem Atlantik macht Flocken-Hoffnung!
Diese Woche bringt d… [+4201 chars]",,de,'Schnee'
https://www.bild.de/sport/mehr-sport/sport-short-football-fan-dreht-durch-674db9a905eeae7508013694,https://www.bild.de/sport/mehr-sport/sport-short-football-fan-dreht-durch-674db9a905eeae7508013694,0,www.bild.de,Sport-Short - Football-Fan dreht durch,Jährlich grüßt das Schnee-Chaos in Buffalo. Kein Problem für die Fans der Bills. Die stimmen sich im Schneegestöber auf das bevorste...,"https://images.bild.de/674db9a905eeae7508013694/910da9243a2c877672355bb18b347811-landscape,48c13435?w=1280",2024-12-02T13:51:46Z,https://web.archive.org/web/20241203023904/https://www.bild.de/sport/mehr-sport/sport-short-football-fan-dreht-durch-674db9a905eeae7508013694,"Mehr zum Video anzeigen 
Jährlich grüßt das Schnee-Chaos in Buffalo. Kein Problem für die Fans der Bills. Die stimmen sich im Schneegestöber auf das bevorstehende NFL-Spiel gegen die 49ers ein.
Que… [+30 chars]",,de,'Schnee'
https://www.faz.net/aktuell/gesellschaft/tiere/alpenschneehase-zum-tier-des-jahres-2025-gewaehlt-110148481.html,https://www.faz.net/aktuell/gesellschaft/tiere/alpenschneehase-zum-tier-des-jahres-2025-gewaehlt-110148481.html,0,www.faz.net,Alpenschneehase zum Tier des Jahres 2025 gewählt,Ein brauner Schneehase? Nur in der schneebedeckten Winterlandschaft tragen die seltenen Alpenschneehasen ihr weißes Fell – und der Klimawandel erschwert ihnen das Überleben.,https://media1.faz.net/ppmedia/aktuell/gesellschaft/2323364707/1.10148529/facebook_teaser/im-sommer-ist-der.jpg,2024-12-02T14:08:58Z,,"Er ist das Chamäleon unter den Hasen: Der Alpenschneehase ändert seine Fellfarbe je nach Umgebung. Im Winter, wenn sein Lebensraum im Gebirge von Schnee bedeckt ist, trägt er ein weißes Winterfell, i… [+2183 chars]",,de,'Schnee'
https://www.n-tv.de/mediathek/bilderserien/panorama/Bhopals-Giftgas-toetet-noch-immer-article25402427.html,https://www.n-tv.de/mediathek/bilderserien/panorama/Bhopals-Giftgas-toetet-noch-immer-article25402427.html,0,www.n-tv.de,Katastrophe vor 40 Jahren: Bhopals Giftgas tötet noch immer,Es ist eine der größten Industriekatastrophen der Geschichte. In der Nacht zum 3. Dezember 1984 strömt in der indischen Stadt Bhopal ein hochgiftiges Gas aus einer Pestizidfabrik. Tausende Menschen sterben. Bis heute hört das Sterben nicht auf.,https://bilder1.n-tv.de/img/incoming/crop14039216/0101326167-cImg_16_9-w1200/RTRH8S6.jpg,2024-12-02T14:46:20Z,https://web.archive.org/web/20241204040343/https://www.n-tv.de/mediathek/bilderserien/panorama/Bhopals-Giftgas-toetet-noch-immer-article25402427.html,"Sie werden von anfallartigem Husten geweckt, ihre Lungen füllen sich mit Flüssigkeit, das Gift greift die Schleimhäute an, schließlich sterben die meisten an Herz- oder Atemstillstand.",,de,'Tau'
https://www.stern.de/gesellschaft/regional/baden-wuerttemberg/wetter--sinkende-temperaturen-und-glaettegefahr-im-suedwesten-35275014.html,https://www.stern.de/gesellschaft/regional/baden-wuerttemberg/wetter--sinkende-temperaturen-und-glaettegefahr-im-suedwesten-35275014.html,0,www.stern.de,Wetter: Sinkende Temperaturen und Glättegefahr im Südwesten,Regen und Schnee prägen die Woche in Baden-Württemberg. Besonders in höheren Lagen sagt der Deutsche Wetterdienst Glätte durch Schneeschauer und überfrierende Nässe voraus.,https://image.stern.de/35275016/t/ZN/v2/w1440/r1.7778/-/02--qqxnvurmhev3axs2048jpeg---022cb3610377fe13.jpg,2024-12-02T15:11:33Z,,"Kopiere den aktuellen Link
Regen und Schnee prägen die Woche in Baden-Württemberg. Besonders in höheren Lagen sagt der Deutsche Wetterdienst Glätte durch Schneeschauer und überfrierende Nässe voraus… [+923 chars]",,de,'Schnee'
https://www.morgenpost.de/blogs-kolumnen/article407792821/mit-gedankenflocken-gegen-die-kaelte-der-welt.html,https://www.morgenpost.de/blogs-kolumnen/article407792821/mit-gedankenflocken-gegen-die-kaelte-der-welt.html,0,www.morgenpost.de,Mit Gedankenflocken gegen die Kälte der Welt,"Ein Phantomschmerz im ÖPNV und überraschender Trost: Vom Zusammenhang zwischen ökologischen Dämmstoffen, Robert Habecks Heizungsdebatte und dem Zeitungssterben - die Stadtflucht-Kolumne aus Berlin.",https://img.sparknews.funkemedien.de/407793740/407793740_1732905548_v16_9_1600.jpeg,2024-12-02T16:45:59Z,,"Berlin. Abschied vom Lesen auf Papier? Die Autorin fühlt einen Phantomschmerz, aber es gibt einen überraschenden Trost die Stadtflucht-Kolumne.",,de,'Kälte'
https://www.morgenpost.de/panorama/article407812453/wetterprognose-kommt-jetzt-die-kaeltepeitsche.html,https://www.morgenpost.de/panorama/article407812453/wetterprognose-kommt-jetzt-die-kaeltepeitsche.html,0,www.morgenpost.de,Wetterprognose: Kommt jetzt die Kältepeitsche?,Zum zweiten Advent könnte es kalt und weiß werden in Deutschland. Was ein Hochdruckgebiet über dem Atlantik damit zu tun hat – die Vorhersage.,https://img.sparknews.funkemedien.de/407812363/407812363_1733159675_v16_9_1600.jpeg,2024-12-02T17:14:35Z,https://web.archive.org/web/20241202174909/https://www.morgenpost.de/panorama/article407812453/wetterprognose-kommt-jetzt-die-kaeltepeitsche.html,"Berlin. Zum zweiten Advent könnte es kalt und weiß werden in Deutschland. Was ein Hochdruckgebiet über dem Atlantik damit zu tun hat die Vorhersage.
Am Sonntag hat in Deutschland die Adventszeit beg… [+1820 chars]",,de,'Schnee'
https://www.n-tv.de/politik/SPD-Abgeordneter-Manuel-Gava-gesteht-Kokainkonsum-article25404261.html,https://www.n-tv.de/politik/SPD-Abgeordneter-Manuel-Gava-gesteht-Kokainkonsum-article25404261.html,0,www.n-tv.de,"""Habe abends viel Gas gegeben"": SPD-Abgeordneter Manuel Gava gesteht Kokainkonsum","Der Druck im Berliner Politikbetrieb und private Probleme waren zu viel für ihn: Der Osnabrücker Bundestagsabgeordnete Manuel Gava von der SPD hat im Jahr 2023 nach eigenen Aussagen ""mit einer gewissen Regelmäßigkeit"" Kokain konsumiert. Sein Geständnis zieht …",https://bilder3.n-tv.de/img/incoming/crop25404274/6791327720-cImg_16_9-w1200/275251963.jpg,2024-12-02T17:29:26Z,https://web.archive.org/web/20241202190622/https://www.n-tv.de/politik/SPD-Abgeordneter-Manuel-Gava-gesteht-Kokainkonsum-article25404261.html,"Der Druck im Berliner Politikbetrieb und private Probleme waren zu viel für ihn: Der Osnabrücker Bundestagsabgeordnete Manuel Gava von der SPD hat im Jahr 2023 nach eigenen Aussagen ""mit einer gewiss… [+2011 chars]",,de,'Gas'
https://www.bild.de/leben-wissen/bangkok-paris-oder-new-york-wo-verbringen-sie-ihren-weihnachtsurlaub-672ce6d3ebdb8724738eba98,https://www.bild.de/leben-wissen/bangkok-paris-oder-new-york-wo-verbringen-sie-ihren-weihnachtsurlaub-672ce6d3ebdb8724738eba98,0,www.bild.de,"Bangkok, Paris oder New York? - Wo wird’s über Weihnachten voll – und teuer?","Verbringen Sie Weihnachten im heimischen Wohnzimmer vor dem Weihnachtsbaum – oder lieber auf Reisen, unter Palmen oder im Schnee? Das raten Reiseexperten.","https://images.bild.de/672ce6d3ebdb8724738eba98/86411b48211c1a3d73180e00e2ca13c4,455837d?w=1280",2024-12-02T17:30:33Z,,"Verbringen Sie Weihnachten im heimischen Wohnzimmer vor dem Weihnachtsbaum oder lieber auf Reisen, unter Palmen oder im Schnee? BILD hat Experten gefragt, wohin es die meisten Deutschen dieses Jahr ü… [+79 chars]",,de,'Schnee'
https://sz-magazin.sueddeutsche.de/gewinnen/gewinnspiel-adventskalender-langlaufset-salomon-94564,https://sz-magazin.sueddeutsche.de/gewinnen/gewinnspiel-adventskalender-langlaufset-salomon-94564,0,sz-magazin.sueddeutsche.de,3. Dezember: Langlaufset von Salomon,Lautlos durch verschneite Landschaften gleiten und dabei die eigene Fitness fördern? Mit unserem heutigen Adventskalender-Gewinn brauchen sie dafür nur noch den Schnee.,https://szm-media.sueddeutsche.de/image/szm/02195babfa6432ba72206ee9e7c95fe0/t213l0w2000h1050/1280/image.jpeg,2024-12-02T23:00:00Z,,"Regelmäßiges Muskeltraining schütze vor hohem Blutdruck, Demenz, Krebs, sagt der Sportwissenschaftler Ingo Froböse. Im Interview erklärt er, wie man sich ernähren sollte, um wirksam stärker zu werden… [+41 chars]",,de,'Schnee'
https://www.diepresse.com/19136711/50000-vertriebene-durch-eskalation-in-syrien-trump-reist-zur-wiedereroeffnung-von-notre-dame-schutzstatus-von-woelfen-koennte-gesenkt-werden,https://www.diepresse.com/19136711/50000-vertriebene-durch-eskalation-in-syrien-trump-reist-zur-wiedereroeffnung-von-notre-dame-schutzstatus-von-woelfen-koennte-gesenkt-werden,0,www.diepresse.com,50.000 Vertriebene durch Eskalation in Syrien - Trump reist zur Wiedereröffnung von Notre-Dame - Schutzstatus von Wölfen könnte gesenkt werden,Wir starten mit Ihnen in den Nachrichtentag und geben Ihnen einen schnellen Überblick über die wichtigsten Themen des Morgens.,https://www.diepresse.com/assets_v2/images/diepresse_nachrichten.png,2024-12-03T04:42:10Z,,"Wir starten mit Ihnen in den Nachrichtentag und geben Ihnen einen schnellen Überblick über die wichtigsten Themen des Morgens.
Eskalation in Syrien. Im Zuge der neuen Gefechte in Syrien zwischen isl… [+3632 chars]",,de,'Gas'
https://www.stern.de/panorama/wetter/wetter-heute--so-wird-das-wetter-am-dienstag---die-vorhersage-35277332.html,https://www.stern.de/panorama/wetter/wetter-heute--so-wird-das-wetter-am-dienstag---die-vorhersage-35277332.html,0,www.stern.de,Vorhersage: In den Mittelgebirgen fällt Schnee – so wird das Wetter am Dienstag,"Gibt es Regenschauer oder Sonnenschein? Der stern verrät Ihnen, wie das Wetter heute bei Ihnen im Ort wird – mit der offiziellen Vorhersage und interaktiven Karten.",https://image.stern.de/35277334/t/wH/v1/w1440/r1.7778/-/schnee-im-mittelgebirge.jpg,2024-12-03T04:47:00Z,,"Kopiere den aktuellen Link
Gibt es Regenschauer oder Sonnenschein? Der stern verrät Ihnen, wie das Wetter heute bei Ihnen im Ort wird mit der offiziellen Vorhersage und interaktiven Karten.
Wie wir… [+1375 chars]",,de,'Schnee'
https://www.diepresse.com/19138194/gasversorgung-fuer-zwei-kalte-winter-gesichert,https://www.diepresse.com/19138194/gasversorgung-fuer-zwei-kalte-winter-gesichert,0,www.diepresse.com,Gasversorgung für zwei kalte Winter gesichert,"Die österreichischen Gasspeicher sind laut E-Control zu 90 Prozent gefüllt, der Gasverbrauch deutlich geringer als vor dem Ukraine-Krieg.",https://img.diepresse.com/public/incoming/r08kft-imago0192726628h.jpg/alternates/DPR_SOCIAL_NACHRICHTEN/imago0192726628h.jpg,2024-12-03T05:09:28Z,,"Die österreichischen Gasspeicher sind laut E-Control zu 90 Prozent gefüllt, der Gasverbrauch deutlich geringer als vor dem Ukraine-Krieg.
Auch wenn die Ukraine ab dem 1. Jänner 2025 kein russisches … [+5730 chars]",,de,'Gas'
https://noe.orf.at/stories/3283602/,https://noe.orf.at/stories/3283602/,0,noe.orf.at,Pipeline-Stopp: Baumgarten fit für Wasserstoff,"Der Gasknotenpunkt Baumgarten ist eine der wichtigsten Drehscheiben für die europäische Gasversorgung. Die Ukraine hat angekündigt, ab 1. Jänner kein Transit-Gas aus Russland mehr weiterzuleiten. Langfristig könnte Baumgarten ein Hub für Wasserstoff werden.",https://ibs.orf.at/noe?image=https%3A%2F%2Foekastatic.orf.at%2Fmims%2F2024%2F49%2F80%2Fcrops%2Fw%3D1200%2Ch%3D627%2Cq%3D75%2F2441776_master_933780_gas_marchfeld137_row.jpg%3Fs%3D4001c137738d8b2f61dd263f7bb9919cbace1f45,2024-12-03T05:13:15Z,https://web.archive.org/web/20241203075043/https://noe.orf.at/stories/3283602/,"In Baumgarten an der March (Bezirk Gänserndorf) endet eine der längsten Gaspipelines Europas: Sie beginnt in Nordsibirien und verläuft unter dem Namen Bruderschaft in die Ukraine, von wo sie ab dann … [+3001 chars]",,de,'Gas'
https://orf.at/stories/3377763/,https://orf.at/stories/3377763/,0,orf.at,E-Control: Gasversorgung für zwei kalte Winter gesichert,,https://orf.at/mojo/1_4_1/storyserver//news/common/images/og-fallback-news.png,2024-12-03T05:41:59Z,,"Auch wenn die Ukraine ab dem 1. Jänner 2025 kein russisches Gas mehr nach Westen durchlassen sollte, wird es in den nächsten zwei Wintern keinen Gasmangel in Österreich geben, versichert E-Control-Vo… [+1988 chars]",,de,'Gas'
https://www.stern.de/gesellschaft/regional/sachsen-anhalt/wetter--regen--frost-und-sturmboeen-in-sachsen-anhalt-35277942.html,https://www.stern.de/gesellschaft/regional/sachsen-anhalt/wetter--regen--frost-und-sturmboeen-in-sachsen-anhalt-35277942.html,0,www.stern.de,"Wetter: Regen, Frost und Sturmböen in Sachsen-Anhalt","Im Verlauf der Woche dominieren viele Wolken, Regen und örtlicher Schneefall die Aussichten. Zum Ende der Woche gibt es einen kurzen Lichtblick, der von schweren Sturmböen auf dem Harz getrübt wird.",https://image.stern.de/35277944/t/wy/v1/w1440/r1.7778/-/03--45egq2nv75v7axs2048jpeg---c7760c8dcb0d3fca.jpg,2024-12-03T05:50:11Z,,"Kopiere den aktuellen Link
Im Verlauf der Woche dominieren viele Wolken, Regen und örtlicher Schneefall die Aussichten. Zum Ende der Woche gibt es einen kurzen Lichtblick, der von schweren Sturmböen… [+1372 chars]",,de,'Schnee'
https://www.welt.de/geschichte/article254741054/Chemiekatastrophe-Bhopal-Wir-sahen-Tausende-sterben-Sie-atmeten-zum-letzten-Mal.html,https://www.welt.de/geschichte/article254741054/Chemiekatastrophe-Bhopal-Wir-sahen-Tausende-sterben-Sie-atmeten-zum-letzten-Mal.html,0,www.welt.de,„Wir sahen Tausende sterben. Sie atmeten zum letzten Mal“,Am frühen Morgen des 3. Dezember 1984 explodierte in einer Chemiefabrik im nordindischen Bhopal ein Tank. Eine toxische Wolke überfiel die benachbarten Slums und tötete bis zu 25.000 Menschen. Noch immer fordert die größte Chemiekatastrophe Opfer.,https://img.welt.de/img/geschichte/mobile254741050/5567930377-ci16x9-w1200/Chemiekatastrophe-in-Bhopal-1984.jpg,2024-12-03T06:26:54Z,https://web.archive.org/web/20241203064405/https://www.welt.de/geschichte/article254741054/Chemiekatastrophe-Bhopal-Wir-sahen-Tausende-sterben-Sie-atmeten-zum-letzten-Mal.html,Am frühen Morgen des 3. Dezember 1984 explodierte in einer Chemiefabrik im nordindischen Bhopal ein Tank. Eine toxische Wolke überfiel die benachbarten Slums und tötete bis zu 25.000 Menschen. Noch i… [+5658 chars],,de,'Gas'
https://www.focus.de/wissen/mensch/so-bereiten-sich-prepper-auf-die-apokalypse-vor_id_260531346.html,https://www.focus.de/wissen/mensch/so-bereiten-sich-prepper-auf-die-apokalypse-vor_id_260531346.html,0,www.focus.de,Den Ernstfall planen - Vorbereitet auf die Katastrophe: Prepper haben zwei Notfall-Szenarien im Kopf,"Lieber haben und nicht brauchen, als brauchen und nicht haben. So oder so ähnlich fühlen sich viele so genannte „Prepper“, die sich - von vielen belächelt - auf den Ernstfall vorbereiten. Wie sie das machen und warum die Behörden auch Ihnen einen Notfallrucks…",https://p6.focus.de/img/wissen/mensch/id_260531345/verrueckt-oder-sinnvoll-prepper-bereiten-sich-auf-den-ernstfall-vor..jpg?im=Crop%3D%280%2C113%2C1360%2C680%29%3BResize%3D%281200%2C627%29&impolicy=perceptual&quality=mediumHigh&hash=22c1978f291a424ed1557d5e0f51d1ede25bf155f4a9e4e4732693f3d2abbbdb,2024-12-03T06:54:20Z,https://web.archive.org/web/20241204015538/https://www.focus.de/wissen/mensch/so-bereiten-sich-prepper-auf-die-apokalypse-vor_id_260531346.html,Haben Sie Ihren Fluchtrucksack schon gepackt? Nein? Dann wird es höchste Zeit. Denn das Bundesamt für Bevölkerungsschutz und Katastrophenhilfe empfiehlt als Vorbereitung auf potenzielle Katastrophens… [+6057 chars],,de,'Kälte'
https://www.focus.de/panorama/wetter-im-ticker-weisse-ueberraschung-oder-matschchaos-so-wird-das-wochenende_id_54933749.html,https://www.focus.de/panorama/wetter-im-ticker-weisse-ueberraschung-oder-matschchaos-so-wird-das-wochenende_id_54933749.html,0,www.focus.de,Wetter im Ticker - Weiße Überraschung oder Matschchaos? So wird das Wochenende,"Ein Wintereinbruch mit massiven Schneefällen steht bevor – oder doch nicht? Während das EZMWF starke Schneemengen vorhersagt, bleiben andere Modelle zurückhaltender. Fest steht: Das Wochenende könnte rutschig werden. Alle Wetter-Entwicklungen im Ticker.",https://p6.focus.de/img/fotos/id_260495785/bayern-schnee.jpg?im=Crop%3D%280%2C419%2C3462%2C1733%29%3BResize%3D%281200%2C627%29&impolicy=perceptual&quality=mediumHigh&hash=1de33ca70a653fc30506868fa0e8cadf487e18444438d3f8265366d25cfe1d65,2024-12-03T11:44:27Z,https://web.archive.org/web/20241204021437/https://www.focus.de/panorama/wetter-im-ticker-weisse-ueberraschung-oder-matschchaos-so-wird-das-wochenende_id_54933749.html,"Ein Wintereinbruch mit massiven Schneefällen steht bevor oder doch nicht? Während das EZMWF starke Schneemengen vorhersagt, bleiben andere Modelle zurückhaltender. Fest steht: Das Wochenende könnte r… [+8547 chars]",,de,'Schnee'
https://www.diepresse.com/19138577/oesterreichs-angesagte-gaskrise-findet-nicht-statt,https://www.diepresse.com/19138577/oesterreichs-angesagte-gaskrise-findet-nicht-statt,0,www.diepresse.com,Österreichs angesagte Gaskrise findet nicht statt [premium],"Österreich hat genug Gas für zwei kalte Winter, beruhigt die E-Control. Auch nach dem Gazprom-„Lieferstopp“ kommt weiter russisches Gas ins Land. Die größte Gefahr für steigende Preise ist nicht in Moskau, sondern in Berlin zu suchen.",https://img.diepresse.com/public/incoming/10iqid-TOPSHOT-FRANCE-WEATHER-SNOW/alternates/DPR_SOCIAL_MAGAZIN/TOPSHOT-FRANCE-WEATHER-SNOW,2024-12-03T11:52:49Z,https://web.archive.org/web/20241204153139/https://www.diepresse.com/19138577/oesterreichs-angesagte-gaskrise-findet-nicht-statt,"Österreich hat genug Gas für zwei kalte Winter, beruhigt die E-Control. Auch nach dem Gazprom-Lieferstopp kommt weiter russisches Gas ins Land. Die größte Gefahr für steigende Preise ist nicht in Mos… [+867 chars]",,de,'Gas'
https://www.focus.de/panorama/aus-aller-welt/indianapolis-mann-rettet-zwei-ausgesetzte-babys-bei-eisiger-kaelte-aus-strassengraben_3191cf2c-ae67-4323-a720-91817b9e0d03.html,https://www.focus.de/panorama/aus-aller-welt/indianapolis-mann-rettet-zwei-ausgesetzte-babys-bei-eisiger-kaelte-aus-strassengraben_3191cf2c-ae67-4323-a720-91817b9e0d03.html,0,www.focus.de,Indianapolis - Mann rettet zwei ausgesetzte Babys bei eisiger Kälte aus Straßengraben,Beim Einsammeln von Paketen machte Robert Deane einen erschreckenden Fund: Zwei Babys wurden in der Kälte ausgesetzt. Die Polizei ermittelt.,https://quadro.burda-forward.de/ctf/59df631a-a147-463f-9b14-51d5632434e0.5efd7349-c248-4926-a341-e2b5014662e2.jpg?im=RegionOfInterestCrop%3D%281200%2C630%29%2CregionOfInterest%3D%28917%2C427%29&hash=5090529d4a60f48cf3b5be0f8fda490fd566e78f9f0ddc24039220a100754371,2024-12-03T13:28:00Z,https://web.archive.org/web/20241204023224/https://www.focus.de/panorama/aus-aller-welt/indianapolis-mann-rettet-zwei-ausgesetzte-babys-bei-eisiger-kaelte-aus-strassengraben_3191cf2c-ae67-4323-a720-91817b9e0d03.html,"Im Südosten von Indianapolis, der Hauptstadt des US-Bundesstaates Indiana, wollte Robert Deane eigentlich nur ein paar Pakete vor der Haustür einsammeln, als er in einem Straßengraben zwei Babys entd… [+1365 chars]",,de,'Kälte'
https://www.focus.de/politik/meinung/gastbeitrag-von-ursula-engelen-kefer-sozialverband-diese-vorhaben-von-bsw-und-spd-in-brandenburg-sind-gute-nachrichten-fuer-buerger_id_260533435.html,https://www.focus.de/politik/meinung/gastbeitrag-von-ursula-engelen-kefer-sozialverband-diese-vorhaben-von-bsw-und-spd-in-brandenburg-sind-gute-nachrichten-fuer-buerger_id_260533435.html,0,www.focus.de,Gastbeitrag von Ursula Engelen-Kefer - Sozialverband: Diese Vorhaben von BSW und SPD in Brandenburg sind gute Nachrichten für Bürger,"Die SPD will in Brandenburg mit dem BSW koalieren. Den ersten Koalitionsvertrag zwischen den beiden Parteien bewertet Ursula Engelen-Kefer, Landesvorsitzende des Sozialverbands Deutschland, in einem Gastbeitrag.",https://p6.focus.de/img/regional/berlin/id_260531534/die-abgeordneten-des-brandenburgischen-landtags-kommen-am-dienstag-zu-einer-sondersitzung-zusammen.-archivbild-.jpg?im=Crop%3D%280%2C156%2C2048%2C1024%29%3BResize%3D%281200%2C627%29&impolicy=perceptual&quality=mediumHigh&hash=c30e598b03d5f8c3c8d6c8b5d90efc781c8e5f997fd8c93e3d598e94ce3779c8,2024-12-03T14:30:43Z,https://web.archive.org/web/20241204022406/https://www.focus.de/politik/meinung/gastbeitrag-von-ursula-engelen-kefer-sozialverband-diese-vorhaben-von-bsw-und-spd-in-brandenburg-sind-gute-nachrichten-fuer-buerger_id_260533435.html,"Die SPD will in Brandenburg mit dem BSW koalieren. Den ersten Koalitionsvertrag zwischen den beiden Parteien bewertet Ursula Engelen-Kefer, Landesvorsitzende des Sozialverbands Deutschland, in einem … [+6036 chars]",,de,'ÖPNV'
https://www.zeit.de/news/2024-12/03/polizei-sperrt-teil-der-coburger-innenstadt-nach-gasaustritt,https://www.zeit.de/news/2024-12/03/polizei-sperrt-teil-der-coburger-innenstadt-nach-gasaustritt,0,www.zeit.de,Kohlenmonoxid-Gefahr: Mehrere Verletzte bei Gasaustritt in Coburger Innenstadt,Hier finden Sie Informationen zu dem Thema „Kohlenmonoxid-Gefahr“. Lesen Sie jetzt „Mehrere Verletzte bei Gasaustritt in Coburger Innenstadt“.,https://img.zeit.de/news/2024-12/03/polizei-sperrt-teil-der-coburger-innenstadt-nach-gasaustritt-image-group/wide__1300x731,2024-12-03T15:56:47Z,https://web.archive.org/web/20241204055228/https://www.zeit.de/news/2024-12/03/polizei-sperrt-teil-der-coburger-innenstadt-nach-gasaustritt,"Bei einem Gasaustritt in der Innenstadt von Coburg in Oberfranken sind mehrere Menschen verletzt davon. Eine Sprecherin der Polizei sagte, es seien nach ersten Informationen mindestens elf Menschen v… [+836 chars]",,de,'Gas'
https://www.stern.de/gesellschaft/barrierefreiheit-fuer-personen-mit-behinderung--wo-hapert-s-im-alltag--35277932.html,https://www.stern.de/gesellschaft/barrierefreiheit-fuer-personen-mit-behinderung--wo-hapert-s-im-alltag--35277932.html,0,www.stern.de,"Einfache Sprache, ÖPNV und Co.: Barrierefreiheit für Menschen mit Behinderung: Wo hapert's im Alltag?","Der 3. Dezember ist Internationaler Tag der Menschen mit Behinderungen. Mit der Barrierefreiheit klappt es jedoch in vielen Bereichen längst nicht so gut, wie es sollte.",https://image.stern.de/35280606/t/G3/v1/w1440/r1.7778/-/barrierefreiheit-behinderung-4.jpg,2024-12-03T17:02:00Z,,"Kopiere den aktuellen Link
Der 3. Dezember ist Internationaler Tag der Menschen mit Behinderungen. Mit der Barrierefreiheit klappt es jedoch in vielen Bereichen längst nicht so gut, wie es sollte.
… [+4196 chars]",,de,'ÖPNV'
"https://www.cio.de/a/deutsche-stahlindustrie-erhaelt-weniger-auftraege,3747865?utm_source=Seiten_3932&utm_medium=RSS&utm_campaign=RSS-Feeds","https://www.cio.de/a/deutsche-stahlindustrie-erhaelt-weniger-auftraege,3747865?utm_source=Seiten_3932&utm_medium=RSS&utm_campaign=RSS-Feeds",0,www.cio.de,Hohe Energiekosten: Deutsche Stahlindustrie erhält weniger Aufträge,Teure Energie macht die Stahlproduktion in Deutschland teuer. In der Folge brechen erst die Aufträge und dann die Produktion ein.,https://images.cio.de/bdb/3396596/640x360.jpg,2024-12-04T09:46:00Z,,"Die hohen Energiepreise in Deutschland sind Gift für die deutsche Stahlindustrie.Foto: Thyssenkrupp-Stahl
Die angeschlagene deutsche Stahlindustrie hat in den Sommermonaten weniger Aufträge erhalten… [+1320 chars]",,de,'Energiekosten'
https://wien.orf.at/stories/3283910/,https://wien.orf.at/stories/3283910/,0,wien.orf.at,Rückgang bei Gemüseernte wegen Energiekosten,Die Gemüseernte in Wien ist Vergleich zum Vorjahr von rund 67.000 auf etwa 57.000 Tonnen zurückgegangen. Grund für die Rückgänge bei Flächen und Erträgen im Wiener Gartenbau sind unter anderem die gestiegenen Energiekosten.,https://ibs.orf.at/wie?image=https%3A%2F%2Foekastatic.orf.at%2Fmojo%2F1_4_1%2Fstoryserver%2Foeka%2Fcommon%2Fimages%2Fog-fallback-wie.png%3Fs%3D816df49d08cce86dee09914440bf9b17b74dbe60,2024-12-04T11:10:21Z,https://web.archive.org/web/20241211203223/https://wien.orf.at/stories/3283910/,"Im Winter wird in Wien wegen der höheren Energiekosten weniger Gemüse produziert wird. In der Folge wird der Anbau der verschiedenen Gemüsesorten an die Jahreszeiten angepasst, um Energie zu sparen. … [+2073 chars]",,de,'Energiekosten'
https://www.zeit.de/news/2024-12/04/nach-gasaustritt-in-coburg-ermittelt-die-kripo,https://www.zeit.de/news/2024-12/04/nach-gasaustritt-in-coburg-ermittelt-die-kripo,0,www.zeit.de,26 Verletzte: Nach Gasaustritt in Coburg ermittelt die Kripo,Hier finden Sie Informationen zu dem Thema „26 Verletzte“. Lesen Sie jetzt „Nach Gasaustritt in Coburg ermittelt die Kripo“.,https://img.zeit.de/news/2024-12/04/nach-gasaustritt-in-coburg-ermittelt-die-kripo-image-group/wide__1300x731,2024-12-04T11:47:08Z,https://web.archive.org/web/20241206154718/https://www.zeit.de/news/2024-12/04/nach-gasaustritt-in-coburg-ermittelt-die-kripo,"Nach einem Gasaustritt in der Coburger Innenstadt mit mindestens 26 Verletzten ermittelt die Kripo zur Ursache. Derzeit gebe es dazu noch nichts Neues, sagte eine Sprecherin des Polizeipräsidiums Obe… [+456 chars]",,de,'Gas'
https://www.telepolis.de/features/Deutschland-Vom-Wirtschaftswunder-zum-Schlusslicht-der-OECD-10188124.html,https://www.telepolis.de/features/Deutschland-Vom-Wirtschaftswunder-zum-Schlusslicht-der-OECD-10188124.html,0,www.telepolis.de,Deutschland: Vom Wirtschaftswunder zum Schlusslicht der OECD,"Deutschlands Wirtschaft steckt in der Krise. Die Gründe sind vielfältig: Exportprobleme, Energiekosten und Inflation. Doch ein Faktor wiegt besonders schwer.",https://heise.cloudimg.io/bound/1200x1200/q85.png-lossy-85.webp-lossy-85.foil1/_www-heise-de_/imgs/18/4/7/5/7/2/2/5/shutterstock_1519691297-2abd28f175146b61-cb2faa07acc4a74b.jpeg,2024-12-04T15:00:00Z,https://web.archive.org/web/20241204154753/https://www.telepolis.de/features/Deutschland-Vom-Wirtschaftswunder-zum-Schlusslicht-der-OECD-10188124.html,"Deutschland, etwas ramponiert. Bild: Peter Heidelberg, Shutterstock.com
Deutschlands Wirtschaft steckt in der Krise. Die Gründe sind vielfältig: Exportprobleme, Energiekosten und Inflation. Doch ein… [+4990 chars]",,de,'Energiekosten'
https://www.n-tv.de/auto/Warum-bei-Kaelte-der-Verbrauch-waechst-article25377705.html,https://www.n-tv.de/auto/Warum-bei-Kaelte-der-Verbrauch-waechst-article25377705.html,0,www.n-tv.de,Kraftstoffverbrauch im Winter: Warum bei Kälte der Durst wächst,"Wenn man bei niedrigen Temperaturen mit dem Verbrenner-Fahrzeug unterwegs ist, muss man mit erhöhtem Kraftstoffverbrauch rechnen. Warum eigentlich? Und wie sieht es mit der Batterie beim Elektroauto aus, wenn es draußen kalt wird?",https://bilder2.n-tv.de/img/incoming/crop25377729/8171321644-cImg_16_9-w1200/Tanken-03.jpg,2024-12-04T16:03:05Z,,"Wenn man bei niedrigen Temperaturen mit dem Verbrenner-Fahrzeug unterwegs ist, muss man mit erhöhtem Kraftstoffverbrauch rechnen. Warum eigentlich? Und wie sieht es mit der Batterie beim Elektroauto … [+2791 chars]",,de,'Kälte'
https://www.focus.de/finanzen/boersen-profi-viebig-dax-rekordstaende-warum-anleger-den-markt-differenziert-betrachten-sollten_id_260536610.html,https://www.focus.de/finanzen/boersen-profi-viebig-dax-rekordstaende-warum-anleger-den-markt-differenziert-betrachten-sollten_id_260536610.html,0,www.focus.de,Börsen-Profi Viebig - Dax-Rekordstände: Warum Anleger den Markt differenziert betrachten sollten,"Dass der Deutsche Aktienindex Dax über die Marke von 20.000 Punkten gestiegen ist, zeigt, dass die gute Stimmung am deutschen Aktienmarkt trotz der zahlreichen geopolitischen und wirtschaftlichen Belastungen intakt ist.Von FOCUS-online-Gastautor Jan Viebig",https://p6.focus.de/img/fotos/id_260374326/gettyimages-1379895972.jpg?im=Crop%3D%280%2C246%2C2121%2C1060%29%3BResize%3D%281200%2C627%29&impolicy=perceptual&quality=mediumHigh&hash=bc82b05276b4bfd45854416e9fc60bbc1e50feba5e59c454e3fc55cf603a7caa,2024-12-05T07:58:01Z,https://web.archive.org/web/20241211203023/https://www.focus.de/finanzen/boersen-profi-viebig-dax-rekordstaende-warum-anleger-den-markt-differenziert-betrachten-sollten_id_260536610.html,"Dass der Deutsche Aktienindex Dax über die Marke von 20.000 Punkten gestiegen ist, zeigt, dass die gute Stimmung am deutschen Aktienmarkt trotz der zahlreichen geopolitischen und wirtschaftlichen Bel… [+2770 chars]",,de,'Gas'
https://www.diepresse.com/19143904/mit-erneuerbarer-energie-unabhaengiger-werden,https://www.diepresse.com/19143904/mit-erneuerbarer-energie-unabhaengiger-werden,0,www.diepresse.com,Mit erneuerbarer Energie unabhängiger werden,"Leonhard Schitter, CEO der Energie AG Oberösterreich, erläuterte die Notwendigkeit eines umfassenden Ausbaus erneuerbarer Energien zur Stabilisierung der Energiekosten.",https://img.diepresse.com/public/incoming/cx02o3-241127-013.jpg/alternates/DPR_SOCIAL_COOPERATION/241127-013.jpg,2024-12-05T09:00:00Z,,"Leonhard Schitter, CEO der Energie AG Oberösterreich, erläuterte die Notwendigkeit eines umfassenden Ausbaus erneuerbarer Energien zur Stabilisierung der Energiekosten.
In der Eventlocation k47 lud … [+7629 chars]",,de,'Energiekosten'
https://www.zeit.de/news/2024-12/05/gruenen-bundestagsfraktion-gegen-gasfoerderung-vor-borkum,https://www.zeit.de/news/2024-12/05/gruenen-bundestagsfraktion-gegen-gasfoerderung-vor-borkum,0,www.zeit.de,Fossile Energie: Grünen-Bundestagsfraktion gegen Gasförderung vor Borkum,Hier finden Sie Informationen zu dem Thema „Fossile Energie“. Lesen Sie jetzt „Grünen-Bundestagsfraktion gegen Gasförderung vor Borkum“.,https://img.zeit.de/news/2024-12/05/gruenen-bundestagsfraktion-gegen-gasfoerderung-vor-borkum-image-group/wide__1300x731,2024-12-05T09:18:24Z,,Die Grünen-Bundestagsfraktion hat sich gegen eine Gasförderung vor der ostfriesischen Insel Borkum ausgesprochen. In einer der Deutschen Presse-Agentur vorliegenden gemeinsamen Erklärung mit der Frak… [+1840 chars],,de,'Gas'
https://www.zeit.de/news/2024-12/05/unfall-mit-neuem-traktor-200-000-euro-schaden,https://www.zeit.de/news/2024-12/05/unfall-mit-neuem-traktor-200-000-euro-schaden,0,www.zeit.de,Landwirtschaft: Unfall mit neuem Traktor – 200.000 Euro Schaden,Hier finden Sie Informationen zu dem Thema „Landwirtschaft“. Lesen Sie jetzt „Unfall mit neuem Traktor – 200.000 Euro Schaden“.,https://img.zeit.de/news/2024-12/05/unfall-mit-neuem-traktor-200-000-euro-schaden-image-group/wide__1300x731,2024-12-05T12:07:06Z,,"Ein Mann ist in Schwaben bei der Auslieferung eines fabrikneuen Traktors und einer neuen Sämaschine mit dem Gespann gegen eine Leitplanke geprallt. Wie die Polizei mitteilte, schätzten die Ermittler … [+632 chars]",,de,'Landwirtschaft'
https://www.stern.de/gesellschaft/regional/hessen/verkehr--land-und-verkehrsverbuende-einigen-sich-auf-finanzierung-35285856.html,https://www.stern.de/gesellschaft/regional/hessen/verkehr--land-und-verkehrsverbuende-einigen-sich-auf-finanzierung-35285856.html,0,www.stern.de,Verkehr: Land und Verkehrsverbünde einigen sich auf Finanzierung,"Verkehrsminister Mansoori spricht von einer ""Kraftanstrengung"": Das Land Hessen und drei Verkehrsverbünde haben sich auf die Finanzierung des ÖPNV-Betriebs bis 2027 geeinigt. Reicht das Geld?",https://image.stern.de/35285858/t/Ap/v1/w1440/r1.7778/-/05--bxpn4brctwv9axs2048jpeg---1463db4421698360.jpg,2024-12-05T13:00:35Z,,"Kopiere den aktuellen Link
Verkehrsminister Mansoori spricht von einer ""Kraftanstrengung"": Das Land Hessen und drei Verkehrsverbünde haben sich auf die Finanzierung des ÖPNV-Betriebs bis 2027 geeini… [+2126 chars]",,de,'ÖPNV'
https://www.focus.de/gesundheit/tausende-krebs-patienten-von-praxis-not-betroffen-mit-dem-gewissen-kaum-vereinbar_deb1f218-fb64-4c69-9078-cd5676b690ce.html,https://www.focus.de/gesundheit/tausende-krebs-patienten-von-praxis-not-betroffen-mit-dem-gewissen-kaum-vereinbar_deb1f218-fb64-4c69-9078-cd5676b690ce.html,0,www.focus.de,"Sorgen im Hamburger Umkreis - Tausende Krebs-Patienten von Praxis-Not betroffen: ""Mit dem Gewissen kaum vereinbar""","Ihre Patienten sind oft schwer krank. Für Tausende Krebsbetroffene hängt ihr Schicksal an einer der vier onkologischen Praxen in Billstedt, Reinbek, Ahrensburg und Norderstedt (im Hamburger Umkreis). Doch diese Praxen sind selbst in akuter Not. Es drohen medi…",https://quadro.burda-forward.de/ctf/785aa41d-04e7-4e8e-91d5-4a116cbd80ea.a94a4b45-14cc-44c1-ba7a-813d06f81ffc.png?im=RegionOfInterestCrop%3D%281200%2C630%29%2CregionOfInterest%3D%28986%2C497%29&hash=141dead7f3a3ce8b2ca75e8c14d2aaf3fab8cb86548a130cb6b2c36f5044e9b6,2024-12-05T13:22:00Z,,"Wir warten seit vier Wochen auf unser Oktobergehalt, klagt eine Angestellte der Onkologie Norderstedt am Langenharmer Weg vor wenigen Tagen im Gespräch mit der Hamburger Morgenpost. 
Jetzt sei das G… [+5155 chars]",,de,'Tau'
https://www.focus.de/finanzen/boerse/140-000-barrel-pro-tag-shell-und-equinor-schaffen-groesste-unabhaengige-oel-und-gasfirma-grossbritanniens_id_260538251.html,https://www.focus.de/finanzen/boerse/140-000-barrel-pro-tag-shell-und-equinor-schaffen-groesste-unabhaengige-oel-und-gasfirma-grossbritanniens_id_260538251.html,0,www.focus.de,140.000 Barrel pro Tag - Shell und Equinor schaffen größte unabhängige Öl- und Gasfirma Großbritanniens,Shell und Equinor planen eine Großfusion ihrer britischen Offshore-Vermögen. Das neue Gemeinschaftsunternehmen soll die Energiesicherheit Großbritanniens sichern.,https://p6.focus.de/img/wissen/mensch/id_260495155/shell-und-equinor-haben-plaene-bekannt-gegeben-ihre-britischen-offshore-oel-und-gasvermoegen-zu-kombinieren..jpg?im=Crop%3D%280%2C106%2C1280%2C640%29%3BResize%3D%281200%2C627%29&impolicy=perceptual&quality=mediumHigh&hash=6f0225e899da5379701597889abdc3d50e0f9e2e62978da101a96dd293917572,2024-12-05T13:49:50Z,,Shell und Equinor planen eine Großfusion ihrer britischen Offshore-Vermögen. Das neue Gemeinschaftsunternehmen soll die Energiesicherheit Großbritanniens sichern.Shell und Equinor haben Pläne bekannt… [+1981 chars],,de,'Gas'
https://www.stern.de/gesellschaft/regional/nordrhein-westfalen/oepnv--tickets-im-landesweiten-nrw-tarif-werden-teurer-35286368.html,https://www.stern.de/gesellschaft/regional/nordrhein-westfalen/oepnv--tickets-im-landesweiten-nrw-tarif-werden-teurer-35286368.html,0,www.stern.de,ÖPNV: Tickets im landesweiten NRW-Tarif werden teurer,Köln/Gelsenkirchen/Bielefeld (lnw) - Landesweite Fahrten über Verbundgrenzen hinweg mit dem NRW-Tarif werden im Schnitt um sechs Prozent teurer. Das,https://image.stern.de/35286370/t/fO/v1/w1440/r1.7778/-/05--imrrepty2tv7axs2048jpeg---4bd05eb1872a3706.jpg,2024-12-05T14:49:48Z,,"Kopiere den aktuellen Link
Teure Energie, teures Personal: Reisende mit NRW-Tickets der Verkehrsverbünde müssen tiefer in die Tasche greifen.
Landesweite Fahrten über Verbundgrenzen hinweg mit dem … [+987 chars]",,de,'ÖPNV'
https://www.zeit.de/news/2024-12/05/tickets-im-landesweiten-nrw-tarif-werden-teurer,https://www.zeit.de/news/2024-12/05/tickets-im-landesweiten-nrw-tarif-werden-teurer,0,www.zeit.de,ÖPNV: Tickets im landesweiten NRW-Tarif werden teurer,Hier finden Sie Informationen zu dem Thema „ÖPNV“. Lesen Sie jetzt „Tickets im landesweiten NRW-Tarif werden teurer“.,https://img.zeit.de/news/2024-12/05/tickets-im-landesweiten-nrw-tarif-werden-teurer-image-group/wide__1300x731,2024-12-05T14:49:48Z,,Landesweite Fahrten über Verbundgrenzen hinweg mit dem NRW-Tarif werden im Schnitt um sechs Prozent teurer. Das kündigten die NRW-Verkehrsverbünde an. Grund seien gestiegene Energie- und Personalkost… [+883 chars],,de,'ÖPNV'
https://www.stern.de/gesellschaft/regional/hessen/oeffentlicher-nahverkehr--land-einigt-sich-mit-verkehrsverbuenden-auf-finanzierung-35285856.html,https://www.stern.de/gesellschaft/regional/hessen/oeffentlicher-nahverkehr--land-einigt-sich-mit-verkehrsverbuenden-auf-finanzierung-35285856.html,0,www.stern.de,Öffentlicher Nahverkehr: Land einigt sich mit Verkehrsverbünden auf Finanzierung,"Nach den Worten von Minister Mansoori war es eine ""Kraftanstrengung"": Das Land Hessen und drei Verkehrsverbünde haben sich auf die Finanzierung des ÖPNV-Betriebs bis 2027 geeinigt. Reicht das Geld?",https://image.stern.de/35286640/t/xz/v1/w1440/r1.7778/-/05--rxzfglvjeqv1axs2048jpeg---4f1fab7a00e3409d.jpg,2024-12-05T15:36:35Z,,"Kopiere den aktuellen Link
Nach den Worten von Minister Mansoori war es eine ""Kraftanstrengung"": Das Land Hessen und drei Verkehrsverbünde haben sich auf die Finanzierung des ÖPNV-Betriebs bis 2027 … [+2963 chars]",,de,'ÖPNV'
https://www.faz.net/aktuell/rhein-main/region-und-hessen/finanzierung-des-nahverkehrs-in-hessen-ist-gesichert-110155711.html,https://www.faz.net/aktuell/rhein-main/region-und-hessen/finanzierung-des-nahverkehrs-in-hessen-ist-gesichert-110155711.html,0,www.faz.net,Einigung auf Milliardenbetrag für den ÖPNV,"Das Land und die regionalen Verkehrsverbünde haben sich geeinigt. Hessen zahlt in den nächsten drei Jahren 3,75 Milliarden Euro für das Bus- und Bahnangebot.",https://media1.faz.net/ppmedia/aktuell/wirtschaft/3881211428/1.10157067/facebook_teaser/3-75-milliarden-euro-fuer-drei.jpg,2024-12-05T17:43:41Z,,"Das regionale Bahn- und Busangebot in Hessen sei gesichert, konstatierte Verkehrsminister Kaweh Mansoori (SPD) am Donnerstag bei der Unterzeichnung der Finanzierungsvereinbarungen. Nicht zuletzt dank… [+2199 chars]",,de,'ÖPNV'
https://www.n-tv.de/politik/16-46-Taurus-Antrag-fuehrt-zu-Schlagabtausch-im-Bundestag--article23143824.html,https://www.n-tv.de/politik/16-46-Taurus-Antrag-fuehrt-zu-Schlagabtausch-im-Bundestag--article23143824.html,0,www.n-tv.de,Ukraine-Krieg im Liveticker: +++ 16:46 Taurus-Antrag führt zu Schlagabtausch im Bundestag +++,Lesen Sie alle aktuellen Entwicklungen und Nachrichten über den russischen Angriffskrieg auf die Ukraine im Liveticker von ntv.de.,https://bilder3.n-tv.de/img/incoming/crop25117070/4231326595-cImg_16_9-w1200/Ukraine-Liveticker.jpg,2024-12-05T23:29:00Z,,Eine Debatte über die von Kanzler Olaf Scholz abgelehnte Lieferung von Taurus-Marschflugkörpern an die Ukraine führt im Bundestag zu einem Schlagabtausch. FDP-Fraktionschef Christian Dürr wirft Schol… [+25983 chars],,de,'Tau'
https://www.zeit.de/politik/deutschland/2024-12/heizungsgesetz-friedrich-merz-robert-habeck-staedtetag-bauindustrie,https://www.zeit.de/politik/deutschland/2024-12/heizungsgesetz-friedrich-merz-robert-habeck-staedtetag-bauindustrie,0,www.zeit.de,Heizungsgesetz: Städtetag und Handwerk warnen vor Kehrtwende bei Heizungsgesetz,"Unionskanzlerkandidat Merz hatte angekündigt, das umstrittene Heizungsgesetz ""zu korrigieren"". Die Bauindustrie begrüßt das, der Städtetag pocht auf Planungssicherheit.",https://img.zeit.de/politik/deutschland/2024-12/heizungsgesetz-friedrich-merz-robert-habeck-staedtetag-bauindustrie-bild/wide__1300x731,2024-12-06T03:57:57Z,http://archive.md/20241206050314/https://www.zeit.de/politik/deutschland/2024-12/heizungsgesetz-friedrich-merz-robert-habeck-staedtetag-bauindustrie,"Nach der Ankündigung von Unions-Kanzlerkandidat Friedrich Merz, bei einem Wahlsieg das umstrittene Heizungsgesetz ""auf den ursprünglichen Stand"" zurückzubringen, kommen Warnungen vor einer Rücknahme … [+5763 chars]",,de,'Gas'
https://www.zeit.de/news/2024-12/06/unternehmen-geben-standort-bayern-mittelmaessige-noten,https://www.zeit.de/news/2024-12/06/unternehmen-geben-standort-bayern-mittelmaessige-noten,0,www.zeit.de,Standortzufriedenheit: Unternehmen geben Standort Bayern mittelmäßige Noten,Hier finden Sie Informationen zu dem Thema „Standortzufriedenheit“. Lesen Sie jetzt „Unternehmen geben Standort Bayern mittelmäßige Noten“.,https://img.zeit.de/news/2024-12/06/unternehmen-geben-standort-bayern-mittelmaessige-noten-image-group/wide__1300x731,2024-12-06T04:00:41Z,,Bayerns Firmen geben dem Freistaat als Wirtschaftsstandort nur mittelmäßige Noten. In der neuen Ausgabe einer alljährlichen Umfrage unter 700 heimischen Unternehmen hat die Zufriedenheit mit der «Sta… [+1962 chars],,de,'Gas'
https://www.stern.de/gesellschaft/regional/bayern/standortzufriedenheit--unternehmen-geben-standort-bayern-mittelmaessige-noten-35287526.html,https://www.stern.de/gesellschaft/regional/bayern/standortzufriedenheit--unternehmen-geben-standort-bayern-mittelmaessige-noten-35287526.html,0,www.stern.de,Standortzufriedenheit: Unternehmen geben Standort Bayern mittelmäßige Noten,"Bayern sei ""Vorstufe des Paradieses"", sagte Ex-CSU-Chef Seehofer oft. Die heimischen Firmen empfanden die Rahmenbedingungen schon vor zehn Jahren nicht als übermäßig paradiesisch - heute noch weniger.",https://image.stern.de/35287528/t/Ve/v1/w1440/r1.7778/-/06--5tj254owhev18axs2048jpeg---c9913c625f11ffc9.jpg,2024-12-06T04:00:41Z,,"Kopiere den aktuellen Link
Bayern sei ""Vorstufe des Paradieses"", sagte Ex-CSU-Chef Seehofer oft. Die heimischen Firmen empfanden die Rahmenbedingungen schon vor zehn Jahren nicht als übermäßig parad… [+2153 chars]",,de,'Gas'
https://futurezone.at/digital-life/ziegel-wienerberger-uttendorf-klimafreitag-co2-emissionen-elektroofen-waermepumpen-brennen/402984443,https://futurezone.at/digital-life/ziegel-wienerberger-uttendorf-klimafreitag-co2-emissionen-elektroofen-waermepumpen-brennen/402984443,0,futurezone.at,Weltweit größter elektrischer Ziegelofen spart Tonnen an CO2,Bei Wienerberger in Oberösterreich werden erstmals Ziegel in einem Elektroofen gebrannt. Der Umstieg vom Gas war nicht einfach.,https://image.futurezone.at/images/facebook/8885312/wienerberger.jpg,2024-12-06T05:00:00Z,,"Bei Wienerberger in Oberösterreich werden erstmals Ziegel in einem Elektroofen gebrannt. Der Umstieg vom Gas war nicht einfach.
Toggle Infobox
Laut einer Studie der Eidgenössischen Technischen Hoch… [+407 chars]",,de,'Gas'
https://www.nzz.ch/video/gas-aus-afrika-ld.1860512,https://www.nzz.ch/video/gas-aus-afrika-ld.1860512,0,www.nzz.ch,"NZZ FORMAT - Gas aus Afrika – unser Dok-Film zeigt, was der Gasexport für die Menschen in Senegal und Moçambique bedeutet",Afrika gilt weltweit als «schlafender Gasriese». Die gesamten Gasreserven des Kontinents sind fast so gross wie die Amerikas. Doch werden die Menschen vor Ort tatsächlich vom Gasexport profitieren?,"https://img.nzz.ch/2024/12/03/90665e8f-bc67-426e-bfc1-743bf56a1b64.jpeg?width=1200&height=675&fit=bounds&quality=75&auto=webp&crop=1920,1080,x0,y0&wmark=nzz",2024-12-06T05:30:00Z,https://web.archive.org/web/20241206131942/https://www.nzz.ch/video/gas-aus-afrika-ld.1860512,"Streamen Sie die Dokumentation hier in voller Länge:
Darum geht es in der Doku
Europa sucht nach neuen Gasproduzenten. Denn der russische Angriffskrieg gegen die Ukraine hat die Abhängigkeit Europa… [+1271 chars]",,de,'Gas'
https://www.n-tv.de/politik/Handwerkspraesident-Joerg-Dittrich-warnt-Union-und-FDP-vor-Heizungsgesetz-Abschaffung-article25413623.html,https://www.n-tv.de/politik/Handwerkspraesident-Joerg-Dittrich-warnt-Union-und-FDP-vor-Heizungsgesetz-Abschaffung-article25413623.html,0,www.n-tv.de,"""Führt zu neuer Verunsicherung"": Handwerk warnt CDU und FDP vor Heizungsgesetz-Abschaffung","CDU-Generalsekretär Carsten Linnemann möchte beim Heizungsgesetz lieber auf (bereits steigende) CO2-Preise setzen, als den Deutschen klimafreundliche Gebäudetechnik vorzuschreiben. Handwerkspräsident Dittrich ermahnt die Union und FDP allerdings, das Heizungs…",https://bilder2.n-tv.de/img/incoming/crop25413633/6871328188-cImg_16_9-w1200/imago0759561909h.jpg,2024-12-06T06:09:51Z,,"CDU-Generalsekretär Carsten Linnemann möchte beim Heizungsgesetz lieber auf (bereits steigende) CO2-Preise setzen, als den Deutschen klimafreundliche Gebäudetechnik vorzuschreiben. Handwerkspräsident… [+3034 chars]",,de,'Gas'
https://www.zeit.de/news/2024-12/06/nach-dem-sturm-kommen-regen-und-schnee-im-suedwesten,https://www.zeit.de/news/2024-12/06/nach-dem-sturm-kommen-regen-und-schnee-im-suedwesten,0,www.zeit.de,Wetter: Nach dem Sturm kommen Regen und Schnee im Südwesten,Hier finden Sie Informationen zu dem Thema „Wetter“. Lesen Sie jetzt „Nach dem Sturm kommen Regen und Schnee im Südwesten“.,https://img.zeit.de/news/2024-12/06/nach-dem-sturm-kommen-regen-und-schnee-im-suedwesten-image-group/wide__1300x731,2024-12-06T07:37:48Z,,Es bleibt zunächst stürmisch im Südwesten. Bis Freitagmittag rechnet der Deutsche Wetterdienst (DWD) mit orkanartigen Böen im Schwarzwald oberhalb von 1000 Metern und auf dem Feldberg sogar mit Gesch… [+629 chars],,de,'Schnee'
https://www.autobild.de/artikel/ki-ueberwachung-fehlerhaft-strafzettel-fuer-unschuldige-autofahrer-27733367.html,https://www.autobild.de/artikel/ki-ueberwachung-fehlerhaft-strafzettel-fuer-unschuldige-autofahrer-27733367.html,0,www.autobild.de,New Yorker ÖPNV-KI meldet irrtümlich Hunderte Falschparker,"Eine KI sollte Falschparker in New York überführen, doch stattdessen hagelte es Strafzettel für unschuldige Autofahrer. Die Hintergründe!",https://i.auto-bild.de/ir_img/3/8/6/6/3/6/5/New-Yorker-oePNV-KI-meldet-irrtuemlich-Hunderte-Falschparker-2869-1800x1012-ad85283516fc7722.jpg?impolicy=og_images,2024-12-06T07:52:00Z,,"Irren ist menschlich, aber auch Roboter machen Fehler: In der bevölkerungsreichsten Metropole der Welt, New York, sollte ein KI-Kameraprogramm helfen, Falschparker zu überführen. Leider war der KI-Au… [+2398 chars]",,de,'ÖPNV'
https://www.diepresse.com/19146090/wien-energie-chef-wo-die-fernwaerme-ist-sollten-die-gasleitungen-verschwinden,https://www.diepresse.com/19146090/wien-energie-chef-wo-die-fernwaerme-ist-sollten-die-gasleitungen-verschwinden,0,www.diepresse.com,"Wien Energie-Chef: Wo die Fernwärme ist, sollten die Gasleitungen verschwinden [premium]","In Wien gibt es zu viele unnötige Gasleitungen, sagt Michael Strebl, Chef der Wien Energie. Der größte Versorger im Land will lieber nach warmem Wasser unter der Stadt graben. Doch die Politik legt ihm mehr Steine in den Weg, als würde er dort nach fossilen B…",https://img.diepresse.com/public/incoming/5x4kjw-20230628_PD3626.HR.jpg/alternates/DPR_SOCIAL_MAGAZIN/20230628_PD3626.HR.jpg,2024-12-06T07:59:32Z,,"Nein, für uns hat sich nichts verändert. Wir waren ja nie Vertragspartner der Russen, und die OMV liefert weiter Gas. Aber es freut uns, dass es sich jetzt bezahlt macht, dass wir schon sehr früh den… [+507 chars]",,de,'Gas'
https://www.stern.de/wirtschaft/news/energiewende--stromerzeugung-aus-erneuerbaren-energien-steigt-auf-rekord-35288076.html,https://www.stern.de/wirtschaft/news/energiewende--stromerzeugung-aus-erneuerbaren-energien-steigt-auf-rekord-35288076.html,0,www.stern.de,Energiewende: Stromerzeugung aus erneuerbaren Energien steigt auf Rekord,Windkraft und Photovoltaik sind im dritten Quartal wichtigste Quellen für die Stromerzeugung vor Kohle. Auch Gas verliert an Bedeutung. Ein wichtiger Grund beim Zuwachs der Erneuerbaren: das Wetter.,https://image.stern.de/35288078/t/w3/v1/w1440/r1.7778/-/06--4h36xrckglv3axs2048jpeg---752b2024b58a8380.jpg,2024-12-06T08:44:01Z,,"Kopiere den aktuellen Link
Windkraft und Photovoltaik sind im dritten Quartal wichtigste Quellen für die Stromerzeugung vor Kohle. Auch Gas verliert an Bedeutung. Ein wichtiger Grund beim Zuwachs de… [+1780 chars]",,de,'Wind'
https://www.tagesspiegel.de/wirtschaft/energiewende-stromerzeugung-aus-erneuerbaren-energien-steigt-auf-rekord-12829766.html,https://www.tagesspiegel.de/wirtschaft/energiewende-stromerzeugung-aus-erneuerbaren-energien-steigt-auf-rekord-12829766.html,0,www.tagesspiegel.de,Energiewende: Stromerzeugung aus erneuerbaren Energien steigt auf Rekord,Windkraft und Photovoltaik sind im dritten Quartal wichtigste Quellen für die Stromerzeugung vor Kohle. Auch Gas verliert an Bedeutung. Ein wichtiger Grund beim Zuwachs der Erneuerbaren: das Wetter.,https://www.tagesspiegel.de/images/12829763/alternates/BASE_16_9_W1400/1733474705000/solar-und-windkraft.jpeg,2024-12-06T08:45:05Z,,"In Deutschland kommt fast zwei Drittel des erzeugten Stroms aus erneuerbaren Energien. Der Anteil stieg im dritten Quartal auch dank günstiger Wetterverhältnisse auf 63,4 Prozent - ein Höchststand fü… [+1646 chars]",,de,'Gas'
https://www.focus.de/finanzen/news/energiewende-stromerzeugung-aus-erneuerbaren-energien-steigt-auf-rekord_id_260540168.html,https://www.focus.de/finanzen/news/energiewende-stromerzeugung-aus-erneuerbaren-energien-steigt-auf-rekord_id_260540168.html,0,www.focus.de,Energiewende - Stromerzeugung aus erneuerbaren Energien steigt auf Rekord,Windkraft und Photovoltaik sind im dritten Quartal wichtigste Quellen für die Stromerzeugung vor Kohle. Auch Gas verliert an Bedeutung. Ein wichtiger Grund beim Zuwachs der Erneuerbaren: das Wetter.,https://p6.focus.de/img/finanzen/news/id_260540167/die-stromerzeugung-aus-erneuerbaren-energiequellen-stieg-im-dritten-quartal-auf-einen-rekordanteil-archivbild-..jpg?im=Crop%3D%280%2C170%2C2048%2C1024%29%3BResize%3D%281200%2C627%29&impolicy=perceptual&quality=mediumHigh&hash=4c60a64975332b7e799bf4b478549adc9fa4916f2587e1a74b09e2728bcca069,2024-12-06T08:50:04Z,,"In Deutschland kommt fast zwei Drittel des erzeugten Stroms aus erneuerbaren Energien. Der Anteil stieg im dritten Quartal auch dank günstiger Wetterverhältnisse auf 63,4 Prozent - ein Höchststand fü… [+1507 chars]",,de,'Gas'
https://www.zeit.de/news/2024-12/06/proteste-und-demonstration-gegen-gas-konferenz-angekuendigt,https://www.zeit.de/news/2024-12/06/proteste-und-demonstration-gegen-gas-konferenz-angekuendigt,0,www.zeit.de,Energie: Proteste und Demonstration gegen Gas-Konferenz angekündigt,Hier finden Sie Informationen zu dem Thema „Energie“. Lesen Sie jetzt „Proteste und Demonstration gegen Gas-Konferenz angekündigt“.,https://img.zeit.de/news/2024-12/06/proteste-und-demonstration-gegen-gas-konferenz-angekuendigt-image-group/wide__1300x731,2024-12-06T09:47:35Z,,Gegen eine Wirtschaftskonferenz zum Thema Flüssiggas im Berliner Luxushotel Adlon wollen Umweltinitiativen mit Widerstandsaktionen und buntem Protest mobil machen. «Wir wollen diesen Gasgipfel durch … [+1225 chars],,de,'Gas'
https://www.stern.de/gesellschaft/regional/berlin-brandenburg/energie--proteste-und-demonstration-gegen-gas-konferenz-angekuendigt-35288338.html,https://www.stern.de/gesellschaft/regional/berlin-brandenburg/energie--proteste-und-demonstration-gegen-gas-konferenz-angekuendigt-35288338.html,0,www.stern.de,Energie: Proteste und Demonstration gegen Gas-Konferenz angekündigt,Die Klimaschutz-Bewegung war zuletzt seltener mit Kundgebungen in den Schlagzeilen. Nun ist bunter Widerstand geplant gegen einen Wirtschaftsgipfel. Das Thema: Flüssiggas.,https://image.stern.de/35288340/t/b9/v1/w1440/r1.7778/-/06--awvfiafjm7v10axs2048jpeg---a8c77c89b70f1498.jpg,2024-12-06T09:47:35Z,,"Kopiere den aktuellen Link
Die Klimaschutz-Bewegung war zuletzt seltener mit Kundgebungen in den Schlagzeilen. Nun ist bunter Widerstand geplant gegen einen Wirtschaftsgipfel. Das Thema: Flüssiggas.… [+1386 chars]",,de,'Gas'
https://www.tagesspiegel.de/berlin/wollen-durch-vielfaltige-aktionen-storen-umweltinitiativen-kundigen-protest-gegen-gas-konferenz-im-berliner-adlon-an-12830384.html,https://www.tagesspiegel.de/berlin/wollen-durch-vielfaltige-aktionen-storen-umweltinitiativen-kundigen-protest-gegen-gas-konferenz-im-berliner-adlon-an-12830384.html,0,www.tagesspiegel.de,„Wollen durch vielfältige Aktionen stören“: Umweltinitiativen kündigen Protest gegen Gas-Konferenz im Berliner Adlon an,Die Klimaschutz-Bewegung war zuletzt seltener mit Kundgebungen in den Schlagzeilen. Nun ist bunter Widerstand geplant gegen einen Wirtschaftsgipfel. Das Thema: Flüssiggas.,https://www.tagesspiegel.de/images/12830381/alternates/BASE_16_9_W1400/1733478515000/protestaktion-gegen-lng-terminal-auf-rugen.jpeg,2024-12-06T09:48:35Z,,Gegen eine Wirtschaftskonferenz zum Thema Flüssiggas im Berliner Luxushotel Adlon wollen Umweltinitiativen mit Widerstandsaktionen und buntem Protest mobil machen. Wir wollen diesen Gasgipfel durch v… [+1668 chars],,de,'Gas'
https://www.tagesspiegel.de/berlin/energie-proteste-und-demonstration-gegen-gas-konferenz-angekundigt-12830384.html,https://www.tagesspiegel.de/berlin/energie-proteste-und-demonstration-gegen-gas-konferenz-angekundigt-12830384.html,0,www.tagesspiegel.de,Energie: Proteste und Demonstration gegen Gas-Konferenz angekündigt,Die Klimaschutz-Bewegung war zuletzt seltener mit Kundgebungen in den Schlagzeilen. Nun ist bunter Widerstand geplant gegen einen Wirtschaftsgipfel. Das Thema: Flüssiggas.,https://www.tagesspiegel.de/images/12830381/alternates/BASE_16_9_W1400/1733478515000/protestaktion-gegen-lng-terminal-auf-rugen.jpeg,2024-12-06T09:48:35Z,,Gegen eine Wirtschaftskonferenz zum Thema Flüssiggas im Berliner Luxushotel Adlon wollen Umweltinitiativen mit Widerstandsaktionen und buntem Protest mobil machen. Wir wollen diesen Gasgipfel durch v… [+1271 chars],,de,'Gas'
https://ooe.orf.at/stories/3284200/,https://ooe.orf.at/stories/3284200/,0,ooe.orf.at,ADX unterbricht Probebohrungen in Molln,Die Betreiberfirma ADX Energy hat ihre Gas-und Öl-Probebohrungen in Molln (Bezirk Kirchdorf) vorläufig eingestellt. Die Arbeiten in dem Gebiet nahe am Nationalpark Kalkalpen haben offenbar bisher nicht den gewünschten Erfolg gebracht.,https://ibs.orf.at/ooe?image=https%3A%2F%2Foekastatic.orf.at%2Fmims%2F2024%2F45%2F47%2Fcrops%2Fw%3D1200%2Ch%3D627%2Cq%3D75%2F2411701_master_921847_fkstore_95942.jpg%3Fs%3D417f41278ea76eb3588b6712a69d14baebf180ba,2024-12-06T09:51:20Z,,"Mitte der Woche sei mit der Demobilisierung der Testinfrastruktur begonnen worden, da die bisherige Auswertung der Tests keine ausreichenden Mengen an Rohöl und Erdgas für die kommerzielle Verwertung… [+1412 chars]",,de,'Gas'
https://www.tagesspiegel.de/wirtschaft/hochststand-im-sommer-erreicht-fast-zwei-drittel-der-stromerzeugung-stammten-aus-erneuerbaren-energien-12829925.html,https://www.tagesspiegel.de/wirtschaft/hochststand-im-sommer-erreicht-fast-zwei-drittel-der-stromerzeugung-stammten-aus-erneuerbaren-energien-12829925.html,0,www.tagesspiegel.de,Höchststand im Sommer erreicht: Fast zwei Drittel der Stromerzeugung stammten aus erneuerbaren Energien,Zu diesem Ergebnis kommt das Statistische Bundesamt. Wind - und Solarenergie erreichten einen neuen Bestwert für ein drittes Quartal. Das stärkste Wachstum zeigte die Photovoltaik.,https://www.tagesspiegel.de/images/12830114/alternates/BASE_16_9_W1400/1733477308000/solar-und-windkraft.jpeg,2024-12-06T09:53:57Z,,"Fast zwei Drittel der deutschen Stromerzeugung stammten wegen des Solarbooms im Sommer aus erneuerbarer Energie. Von Juli bis September wurden insgesamt 96,3 Milliarden Kilowattstunden Strom erzeugt … [+2553 chars]",,de,'Gas'
https://www.diepresse.com/19130413/wie-gesund-ist-training-in-der-kaelte,https://www.diepresse.com/19130413/wie-gesund-ist-training-in-der-kaelte,0,www.diepresse.com,Wie gesund ist Training in der Kälte? [premium],Worauf muss man beim Sport in der kalten Jahreszeit achten? Immunologe Winfried Pickl klärt auf.,https://img.diepresse.com/public/incoming/3bifq5-imago763710172.jpg/alternates/DPR_SOCIAL_MAGAZIN/imago763710172.jpg,2024-12-06T09:58:18Z,http://archive.md/20241206124404/https://www.diepresse.com/19130413/wie-gesund-ist-training-in-der-kaelte,"Winfried Pickl. Das ist immunologisch schwierig zu sagen. Der Vorteil des Outdoor-Sports ist natürlich, dass der Körper und vor allem die Körperoberflächen, die ja als Barrieren ein Teil unseres Immu… [+491 chars]",,de,'Kälte'
https://www.welt.de/vermischtes/article254785172/Toter-YouTuber-Storm-De-Beul-22-Experte-Am-Ende-wird-er-in-der-Kaelte-Panik-bekommen-haben.html,https://www.welt.de/vermischtes/article254785172/Toter-YouTuber-Storm-De-Beul-22-Experte-Am-Ende-wird-er-in-der-Kaelte-Panik-bekommen-haben.html,0,www.welt.de,„Am Ende wird er in der Kälte Panik bekommen haben“,"Storm De Beul zelebrierte auf YouTube die Einsamkeit in der Natur. Am Ende starb er mit 22 Jahren allein in einem Schneesturm in Lappland. Weshalb drei Jahre Erfahrung mit dem Überleben im Wald nicht ausreichten, um die Katastrophe zu verhindern, verrät ein S…",https://img.welt.de/img/vermischtes/mobile254785162/5017933237-ci16x9-w1200/Storm-De-Beul.jpg,2024-12-06T10:16:23Z,http://archive.md/20241206120750/https://www.welt.de/vermischtes/article254785172/Toter-YouTuber-Storm-De-Beul-22-Experte-Am-Ende-wird-er-in-der-Kaelte-Panik-bekommen-haben.html,"Es beginnt mit einem plätschernden Bach, Eistropfen hängen an einem Strauch. Ein junger Mann wandert durch den Wald. Die Wipfel rauschen, das Wasser gluckert. Es sind Szenen aus dem Video Camping in … [+6341 chars]",,de,'Schnee'
https://www.zeit.de/news/2024-12/06/hallesche-verkehrs-ag-nimmt-neue-e-strassenbahn-in-betrieb,https://www.zeit.de/news/2024-12/06/hallesche-verkehrs-ag-nimmt-neue-e-strassenbahn-in-betrieb,0,www.zeit.de,ÖPNV: Hallesche Verkehrs-AG nimmt neue E-Straßenbahn in Betrieb,Hier finden Sie Informationen zu dem Thema „ÖPNV“. Lesen Sie jetzt „Hallesche Verkehrs-AG nimmt neue E-Straßenbahn in Betrieb“.,https://img.zeit.de/news/2024-12/06/hallesche-verkehrs-ag-nimmt-neue-e-strassenbahn-in-betrieb-image-group/wide__1300x731,2024-12-06T11:01:35Z,,Die Verkehrswende schreitet voran: Die Hallesche Verkehrs-AG (Havag) hat die erste Straßenbahn einer neuen Generation erhalten. Die klimafreundliche Bahn des Typs «Tina» soll ab 2025 die bisherigen N… [+645 chars],,de,'ÖPNV'
https://www.stern.de/gesellschaft/regional/sachsen-anhalt/oepnv--hallesche-verkehrs-ag-nimmt-neue-e-strassenbahn-in-betrieb-35288626.html,https://www.stern.de/gesellschaft/regional/sachsen-anhalt/oepnv--hallesche-verkehrs-ag-nimmt-neue-e-strassenbahn-in-betrieb-35288626.html,0,www.stern.de,ÖPNV: Hallesche Verkehrs-AG nimmt neue E-Straßenbahn in Betrieb,"Sie soll die Zukunft verkörpern: In Halle heißt die neue Straßenbahn ""Tina"". Ab nächstes Jahr soll die klimafreundliche und moderne Bahn die Vorgänger in Rente schicken.",https://image.stern.de/35288628/t/ek/v1/w1440/r1.7778/-/06--vzeyg746e2v13axs2048jpeg---7419789aebcb7ea2.jpg,2024-12-06T11:01:35Z,,"Kopiere den aktuellen Link
Sie soll die Zukunft verkörpern: In Halle heißt die neue Straßenbahn ""Tina"". Ab nächstes Jahr soll die klimafreundliche und moderne Bahn die Vorgänger in Rente schicken.
… [+804 chars]",,de,'ÖPNV'
https://www.n-tv.de/wirtschaft/Mehr-Geld-fuer-Beschaeftige-in-Busbetrieben-und-kleineren-Bahnen-article25414905.html,https://www.n-tv.de/wirtschaft/Mehr-Geld-fuer-Beschaeftige-in-Busbetrieben-und-kleineren-Bahnen-article25414905.html,0,www.n-tv.de,Neuer Eisenbahntarifvertrag: Mehr Geld für Beschäftige in Busbetrieben und kleineren Bahnen,"Um bis zu 7,7 Prozent steigen für mehr als 5000 Beschäftigte bei ÖPNV-Betrieben in sechs Ländern die Bezüge. Die dritte Verhandlungsrunde brachte den Durchbruch. Noch vor Weihnachten soll es zudem eine Prämie geben.",https://bilder3.n-tv.de/img/incoming/crop25414914/6471327882-cImg_16_9-w1200/488215094.jpg,2024-12-06T12:50:46Z,https://web.archive.org/web/20241209203247/https://www.n-tv.de/wirtschaft/Mehr-Geld-fuer-Beschaeftige-in-Busbetrieben-und-kleineren-Bahnen-article25414905.html,"Um bis zu 7,7 Prozent steigen für mehr als 5000 Beschäftigte bei ÖPNV-Betrieben in sechs Ländern die Bezüge. Die dritte Verhandlungsrunde brachte den Durchbruch. Noch vor Weihnachten soll es zudem ei… [+1214 chars]",,de,'ÖPNV'
https://www.zeit.de/news/2024-12/06/bayerns-bauern-kritisieren-mercosur-abkommen,https://www.zeit.de/news/2024-12/06/bayerns-bauern-kritisieren-mercosur-abkommen,0,www.zeit.de,Landwirtschaft: Bayerns Bauern kritisieren Mercosur-Abkommen,Hier finden Sie Informationen zu dem Thema „Landwirtschaft“. Lesen Sie jetzt „Bayerns Bauern kritisieren Mercosur-Abkommen“.,https://img.zeit.de/news/2024-12/06/bayerns-bauern-kritisieren-mercosur-abkommen-image-group/wide__1300x731,2024-12-06T13:50:30Z,https://web.archive.org/web/20241208105709/https://www.zeit.de/news/2024-12/06/bayerns-bauern-kritisieren-mercosur-abkommen,"Der bayerische Bauernverband (BBV) kritisiert den Abschluss des Freihandelsabkommens Mercosur. «Dieses Abkommen ist ein völlig inakzeptabler Kuhhandel», teilte BBV-Generalsekretär Carl von Butler mit… [+1700 chars]",,de,'Landwirtschaft'
https://www.diepresse.com/19151091/warum-ist-gas-im-sommer-ploetzlich-teurer-als-im-winter,https://www.diepresse.com/19151091/warum-ist-gas-im-sommer-ploetzlich-teurer-als-im-winter,0,www.diepresse.com,Warum ist Gas im Sommer plötzlich teurer als im Winter?,"Die EU fordert von den Staaten, dass sie ausreichend Gas bunkern, um Engpässe oder hohe Preise zu verhindern. Doch damit lockt sie auch ungeliebte Spekulanten in den Markt. Für die Steuerzahler könnte es am Ende erst recht kostspielig werden.",https://img.diepresse.com/public/incoming/9dcmoh-Liquefied-gas-tanker-in-Russias-Sakhalin-Region/alternates/DPR_SOCIAL_NACHRICHTEN/Liquefied%20gas%20tanker%20in%20Russias%20Sakhalin%20Region,2024-12-06T13:52:57Z,https://web.archive.org/web/20241209103116/https://www.diepresse.com/19151091/warum-ist-gas-im-sommer-ploetzlich-teurer-als-im-winter,"Die EU fordert von den Staaten, dass sie ausreichend Gas bunkern, um Engpässe oder hohe Preise zu verhindern. Doch damit lockt sie auch ungeliebte Spekulanten in den Markt. Für die Steuerzahler könnt… [+5164 chars]",,de,'Gas'
https://www.tagesspiegel.de/berlin/berlin-mach-mal-langsam-besinnlichkeit-brauchen-wir-zuerst-im-strassenverkehr-12833309.html,https://www.tagesspiegel.de/berlin/berlin-mach-mal-langsam-besinnlichkeit-brauchen-wir-zuerst-im-strassenverkehr-12833309.html,0,www.tagesspiegel.de,"Berlin, mach mal langsam!: Besinnlichkeit brauchen wir zuerst im Straßenverkehr","Advent, Zeit zum Innehalten? Denkste! In den letzten Tagen des Jahres geben wir im Leben noch mal richtig Gas. Und nerven uns am Ende nur gegenseitig. Das geht auch anders.",https://www.tagesspiegel.de/images/12387755/alternates/BASE_16_9_W1400/1733504574000/wetta017.jpeg,2024-12-06T17:54:40Z,http://archive.md/20241206181026/https://www.tagesspiegel.de/berlin/berlin-mach-mal-langsam-besinnlichkeit-brauchen-wir-zuerst-im-strassenverkehr-12833309.html,"Die größte Ironie des Weihnachtsfestes ist die Besinnlichkeit. Das Jahr geht zu Ende, es wäre Zeit zum Innehalten und für gemeinsame Stunden mit Familie und Freunden. Ginge das nicht einher mit der t… [+261 chars]",,de,'Gas'
https://www.focus.de/immobilien/wohnen/erste-stilllegungen-angekuendigt-was-sie-beachten-muessen-falls-der-versorger-ihnen-bald-das-gas-abdreht_03e7d199-16aa-4acf-9306-fd59fe506124.html,https://www.focus.de/immobilien/wohnen/erste-stilllegungen-angekuendigt-was-sie-beachten-muessen-falls-der-versorger-ihnen-bald-das-gas-abdreht_03e7d199-16aa-4acf-9306-fd59fe506124.html,0,www.focus.de,"Erste Stilllegungen angekündigt - Was Sie beachten müssen, falls der Versorger Ihnen bald das Gas abdreht","Die ersten Gasversorger in Deutschland haben angekündigt, ihr Geschäft in rund zehn Jahren einzustellen. Wirtschaftlich ist das unvermeidlich. Doch was, wenn Sie sich jetzt gerade noch eine neue Gasheizung gekauft haben? Das müssen Sie wissen.",https://quadro.burda-forward.de/ctf/ce0ca2ba-9375-4e9a-87f3-7ce90af66c47.6ebf7217-2a31-45a1-95ad-dbe1049f83be.jpeg?im=Resize%3D%281200%2C630%29&hash=0fec5afbd97e3ba23790b1cd91a778e6cd68294d282dca6a2a745f1a3f5e461a,2024-12-07T06:21:00Z,http://archive.md/20241207165537/https://www.focus.de/immobilien/wohnen/erste-stilllegungen-angekuendigt-was-sie-beachten-muessen-falls-der-versorger-ihnen-bald-das-gas-abdreht_03e7d199-16aa-4acf-9306-fd59fe506124.html,"Die MVV Energie aus Mannheim war Anfang November der erste große Gasversorger, der seinen Kunden mitteilte, dass es von ihm in absehbarer Zeit ab 2035 kein Gas mehr geben wird. Gasheizungen eignen si… [+8633 chars]",,de,'Gas'
https://www.stern.de/wirtschaft/news/stahlindustrie--scholz-laedt-zu-stahlgipfel-ins-kanzleramt-35291002.html,https://www.stern.de/wirtschaft/news/stahlindustrie--scholz-laedt-zu-stahlgipfel-ins-kanzleramt-35291002.html,0,www.stern.de,Stahlindustrie: Scholz lädt zu Stahlgipfel ins Kanzleramt,Bei Thyssenkrupp steht in der kriselnden Stahlsparte ein Kahlschlag ins Haus. Hohe Energiekosten und Billigstahl aus China belasten das Geschäft. Kanzler Scholz will die Branche unterstützen.,https://image.stern.de/35291004/t/kn/v1/w1440/r1.7778/-/07--vuzsknndumv7axs2048jpeg---c65127f019b8c11d.jpg,2024-12-07T09:52:18Z,,"Kopiere den aktuellen Link
Bei Thyssenkrupp steht in der kriselnden Stahlsparte ein Kahlschlag ins Haus. Hohe Energiekosten und Billigstahl aus China belasten das Geschäft. Kanzler Scholz will die B… [+1411 chars]",,de,'Energiekosten'
https://www.tagesspiegel.de/wirtschaft/stahlindustrie-scholz-ladt-zu-stahlgipfel-ins-kanzleramt-12836522.html,https://www.tagesspiegel.de/wirtschaft/stahlindustrie-scholz-ladt-zu-stahlgipfel-ins-kanzleramt-12836522.html,0,www.tagesspiegel.de,Stahlindustrie: Scholz lädt zu Stahlgipfel ins Kanzleramt,Bei Thyssenkrupp steht in der kriselnden Stahlsparte ein Kahlschlag ins Haus. Hohe Energiekosten und Billigstahl aus China belasten das Geschäft. Kanzler Scholz will die Branche unterstützen.,https://www.tagesspiegel.de/images/12836519/alternates/BASE_16_9_W1400/1733565217000/scholz-ladt-zu-stahlgipfel-ins-kanzleramt.jpeg,2024-12-07T09:53:38Z,,"Bundeskanzler Olaf Scholz (SPD) lädt Spitzenvertreter der Branche, Betriebsräte und Gewerkschafter für Montag zu einem Stahlgipfel ins Kanzleramt. Es gehe um konkrete Maßnahmen, um die Stahlherstellu… [+1278 chars]",,de,'Energiekosten'
https://www.tagesschau.de/ausland/afrika/duerre-suedliches-afrika-100.html,https://www.tagesschau.de/ausland/afrika/duerre-suedliches-afrika-100.html,0,www.tagesschau.de,Dürre im Süden Afrikas sorgt für Hunger und viel Gewalt,"Im Süden Afrikas herrscht eine brutale Dürre, in diesem Jahr hat es kaum geregnet. Die Landwirtschaft liegt am Boden, Wasser und Lebensmittel sind knapp. Besonders Frauen und Kinder leiden. Denn zuletzt hat auch die Gewalt zugenommen. Von S. Ueberbach.",https://images.tagesschau.de/image/e69463f1-29ad-43f2-a2c7-54a0058783a3/AAABk6CR3MQ/AAABkZLhkrw/16x9-1280/frau-simbabwe-100.jpg,2024-12-07T10:02:14Z,https://web.archive.org/web/20241207100901/https://www.tagesschau.de/ausland/afrika/duerre-suedliches-afrika-100.html,"Stand: 07.12.2024 11:02 Uhr
Im Süden Afrikas herrscht eine brutale Dürre, in diesem Jahr hat es kaum geregnet. Die Landwirtschaft liegt am Boden, Wasser und Lebensmittel sind knapp. Besonders Frauen… [+3526 chars]",,de,'Dürre'
https://www.bild.de/regional/nordrhein-westfalen/gevelsberg-bmw-fahrer-trifft-auf-audi-unfall-auf-hagener-strasse-67542ba99a1bed2c723580c8,https://www.bild.de/regional/nordrhein-westfalen/gevelsberg-bmw-fahrer-trifft-auf-audi-unfall-auf-hagener-strasse-67542ba99a1bed2c723580c8,0,www.bild.de,Gevelsberg - Audi-Fahrer (43) rammt BMW-Fahrerin (22),"In Gevelsberg kam es zu einem Unfall auf der Hagener Straße, als ein Audi-Fahrer Gas und Bremse verwechselte und mit einem BMW kollidierte.","https://images.bild.de/67542ba99a1bed2c723580c8/957bf87f14f0209aebea737d365454d8-landscape,4d5be5fc?w=1280",2024-12-07T11:10:29Z,,"Gevelsberg Eine 22-jährige Frau aus Remscheid wurde bei einem Unfall auf der Hagener Straße in Gevelsberg leicht verletzt.
Am 06.12.2024 gegen 17:30 Uhr fuhr sie mit ihrem BMW in Richtung Hagen, als… [+446 chars]",,de,'Gas'
https://wien.orf.at/stories/3284358/,https://wien.orf.at/stories/3284358/,0,wien.orf.at,Mann vor Obdachlosenunterkunft niedergestochen,Bei einem Streit vor einer Notunterkunft für Obdachlose in Hernals hat ein Mann am Freitagabend seine beiden Kontrahenten mit einem Messer attackiert und einen der beiden Polen lebensgefährlich verletzt. Nach dem Mann wird gefahndet.,https://ibs.orf.at/wie?image=https%3A%2F%2Foekastatic.orf.at%2Fmojo%2F1_4_1%2Fstoryserver%2Foeka%2Fcommon%2Fimages%2Fog-fallback-wie.png%3Fs%3D816df49d08cce86dee09914440bf9b17b74dbe60,2024-12-07T11:56:38Z,,Der Grund für den Streit ist noch unklar. Laut Zeugenaussagen bedrohte der Angreifer einen der beiden Männer mit dem Umbringen und zog ein Messer. Der 47-Jährige konnte dem Angriff ausweichen und wur… [+564 chars],,de,'Notunterkunft'
https://www.diepresse.com/19154276/mann-vor-wiener-obdachlosenunterkunft-niedergestochen,https://www.diepresse.com/19154276/mann-vor-wiener-obdachlosenunterkunft-niedergestochen,0,www.diepresse.com,Mann vor Wiener Obdachlosenunterkunft niedergestochen,Bei einem Streit vor einer Notunterkunft für Obdachlose in Wien-Hernals hat ein Mann am Freitagabend seine beiden Kontrahenten mit einem Messer attackiert.,https://img.diepresse.com/public/incoming/h17ppl-22730394783294910_BLD_HiRes-1.jpg/alternates/DPR_SOCIAL_NACHRICHTEN/22730394783294910_BLD_HiRes%201.jpg,2024-12-07T12:20:07Z,,"Bei einem Streit vor einer Notunterkunft für Obdachlose in Wien-Hernals hat ein Mann am Freitagabend seine beiden Kontrahenten mit einem Messer attackiert. 
Am Freitagabend attackierte ein Mann vor … [+1124 chars]",,de,'Not'
https://www.n-tv.de/mediathek/videos/politik/Kiew-will-Gasplattformen-nahe-der-Krim-angegriffen-haben-article25416604.html,https://www.n-tv.de/mediathek/videos/politik/Kiew-will-Gasplattformen-nahe-der-Krim-angegriffen-haben-article25416604.html,0,www.n-tv.de,Videos von Bränden auf dem Meer: Kiew will Gasplattformen nahe der Krim angegriffen haben,"Die ukrainische Marine veröffentlicht mehrere Videos brennender Gas-Plattformen und gibt an, verschiedene Ziele im Schwarzen Meer nahe der besetzen Krim mit Marinedrohnen angegriffen zu haben. Auf diese Weise hat man auch russische Überwachungssysteme zerstör…",https://bilder3.n-tv.de/img/incoming/crop25416738/2311326747-cImg_16_9-w1200/gasplattform.jpg,2024-12-07T13:39:53Z,,,,de,'Gas'
https://taz.de/Warum-Oelstaaten-Plastik-muell-lieben/!6055144/,https://taz.de/Warum-Oelstaaten-Plastik-muell-lieben/!6055144/,0,taz.de,Warum Ölstaaten Plastik(-müll) lieben: Die Klima-News der Woche,Internationales Anti-Plastik-Abkommen ist gescheitert. Ölkonzern verklagt Aktivisten wegen „Verleumdung“. Gas-Lobby und Politik feiern im Adlon.,https://taz.de/picture/7401052/1200/00-QuadratMitTaz-1.jpeg,2024-12-07T17:19:00Z,,Internationales Anti-Plastik-Abkommen ist gescheitert. Ölkonzern verklagt Aktivisten wegen „Verleumdung“. Gas-Lobby und Politik feiern im Adlon. mehr...,,de,'Gas'
https://www.nzz.ch/schweiz/schutzstatus-s-die-ukrainische-herausforderung-ld.1860698,https://www.nzz.ch/schweiz/schutzstatus-s-die-ukrainische-herausforderung-ld.1860698,0,www.nzz.ch,Verschärfung des Schutzstatus: Sie sind unerwünscht – und kommen trotzdem,"Der Bund sucht nach Möglichkeiten, wie man den Schutzstatus für Ukrainer nach Herkunftsregion differenzieren kann. Taugt Afghanistan als Vorbild?","https://img.nzz.ch/2023/06/09/b5f1cc77-f25d-4f30-85e1-d506fe93ed16.jpeg?width=1200&height=675&fit=bounds&quality=75&auto=webp&crop=4362,2454,x0,y398&wmark=nzz",2024-12-07T20:45:00Z,http://archive.md/20241208031042/https://www.nzz.ch/schweiz/schutzstatus-s-die-ukrainische-herausforderung-ld.1860698,"Das Thema Ukraine bleibt für den Bund eine beispiellose Herausforderung: Friedensgebet im Zürcher Grossmünster nach Beginn des Krieges.
Die Botschaft des Schweizer Parlaments an die Ukrainerinnen un… [+6628 chars]",,de,'Heizung'
https://www.stern.de/gesellschaft/regional/sachsen-anhalt/finanzierung-im-oepnv--kommunen-sorgen-sich-weiter-wegen-deutschlandticket-35292358.html,https://www.stern.de/gesellschaft/regional/sachsen-anhalt/finanzierung-im-oepnv--kommunen-sorgen-sich-weiter-wegen-deutschlandticket-35292358.html,0,www.stern.de,Finanzierung im ÖPNV: Kommunen sorgen sich weiter wegen Deutschlandticket,Magdeburg (sa) - Die Landkreise in Sachsen-Anhalt äußern wegen der Finanzierung des Deutschlandtickets im kommenden Jahr Bedenken. Auch die Tariferhöhung,https://image.stern.de/35292360/t/Jg/v1/w1440/r1.7778/-/08--sw3ri5lfpiv4axs2048jpeg---7caaeb305498fc2e.jpg,2024-12-08T03:30:36Z,,"Kopiere den aktuellen Link
Zum 1. Januar wird das Deutschlandticket teurer. Statt 49 kostet es 58 Euro. Den Landkreisen geht es darum, Verluste ausgeglichen zu bekommen.
Die Landkreise in Sachsen-A… [+2083 chars]",,de,'ÖPNV'
https://www.zeit.de/news/2024-12/08/kommunen-sorgen-sich-weiter-wegen-deutschlandticket,https://www.zeit.de/news/2024-12/08/kommunen-sorgen-sich-weiter-wegen-deutschlandticket,0,www.zeit.de,Finanzierung im ÖPNV: Kommunen sorgen sich weiter wegen Deutschlandticket,Hier finden Sie Informationen zu dem Thema „Finanzierung im ÖPNV“. Lesen Sie jetzt „Kommunen sorgen sich weiter wegen Deutschlandticket“.,https://img.zeit.de/news/2024-12/08/kommunen-sorgen-sich-weiter-wegen-deutschlandticket-image-group/wide__1300x731,2024-12-08T03:30:36Z,https://web.archive.org/web/20241209203010/https://www.zeit.de/news/2024-12/08/kommunen-sorgen-sich-weiter-wegen-deutschlandticket,Die Landkreise in Sachsen-Anhalt äußern wegen der Finanzierung des Deutschlandtickets im kommenden Jahr Bedenken. Auch die Tariferhöhung auf 58 Euro monatlich decke nicht die tatsächlich entstehenden… [+1951 chars],,de,'ÖPNV'
https://steiermark.orf.at/stories/3284288/,https://steiermark.orf.at/stories/3284288/,0,steiermark.orf.at,Caritas-Kältetelefon: Immer mehr Anrufe,"Wer in Graz einen obdachlosen Menschen, der im Freien schläft bemerkt, kann über das Kältetelefon der Caritas rasch und unkompliziert helfen. Bereits im November wurden 20 Prozent mehr Anrufe als im Vorjahr verzeichnet.",https://ibs.orf.at/stm?image=https%3A%2F%2Foekastatic.orf.at%2Fmims%2F2020%2F41%2F90%2Fcrops%2Fw%3D1200%2Ch%3D627%2Cq%3D75%2F714392_master_247590_caritas_kaeltetelfon_final-14_foto_caritas_timertl.jpg%3Fs%3Dc1bf9937365e61b7de0325059452a6b2c12f5dce,2024-12-08T06:30:00Z,,"Spätestens wenn man das Eis von der Auto-Windschutzscheibe kratzt, bemerkt man wie frostig die Nächte heuer bereits wieder sind. Besonders trifft das Menschen, die kein Zuhause haben und auch in dies… [+2141 chars]",,de,'Kälte'
https://www.faz.net/aktuell/technik-motor/kaelte-aus-der-ferne-110156873.html,https://www.faz.net/aktuell/technik-motor/kaelte-aus-der-ferne-110156873.html,0,www.faz.net,Kolumne Schlusslicht: Kälte aus der Ferne,"In einer hessischen Kleinstadt steigen die Fernwärmepreise drastisch. Die Einwohner mögen unglücklich sein, doch sie haben nicht verstanden: Wer jetzt keine Heizung hat, baut sich keine mehr.",https://media0.faz.net/ppmedia/aktuell/1541703924/1.10159184/facebook_teaser/waerme-war-ein-abfallprodukt.jpg,2024-12-08T07:50:00Z,http://archive.md/20241208085217/https://www.faz.net/aktuell/technik-motor/kaelte-aus-der-ferne-110156873.html,"Großkrotzenburg ist überall. Nicht etwa, weil 84 Jahre nach der Inbetriebnahme des ersten deutschen Kernkraftwerks im hessisch-bayrischen Grenzgebiet nun endlich ein Endlager gefunden wäre. Sondern w… [+2010 chars]",,de,'Heizung'
https://t3n.de/news/avm-fritzapp-update-heizungssteuerung-einfach-1661482/,https://t3n.de/news/avm-fritzapp-update-heizungssteuerung-einfach-1661482/,0,t3n.de,AVM Fritzapp: Wieso das neue Update die Heizungssteuerung viel einfacher macht,"Wer Smart-Home-Geräte von AVM und damit die Fritzapp Smart Home nutzt, darf sich über ein nützliches Update freuen. Damit wird die Steuerung der Geräte für alle Smartphone-Nutzer:innen deutlich erleichtert.
weiterlesen auf t3n.de",https://t3n.de/news/wp-content/uploads/2024/12/avm-fritzapp.jpg,2024-12-08T09:20:00Z,https://web.archive.org/web/20241209201142/https://t3n.de/news/avm-fritzapp-update-heizungssteuerung-einfach-1661482/,AVM ist hauptsächlich als Hersteller der beliebten Fritzboxen bekannt. Gerade zur Heizphase im Winter sind aber auch die Fritzdect-Heizkörperthermostate des deutschen Unternehmens beliebt. Denn damit… [+1708 chars],,de,'Heizung'
https://www.stern.de/gesellschaft/regional/baden-wuerttemberg/grosseinsatz--heizungspanne---uniklinik-heidelberg-wieder-im-normalbetrieb-35292946.html,https://www.stern.de/gesellschaft/regional/baden-wuerttemberg/grosseinsatz--heizungspanne---uniklinik-heidelberg-wieder-im-normalbetrieb-35292946.html,0,www.stern.de,Großeinsatz: Heizungspanne - Uniklinik Heidelberg wieder im Normalbetrieb,Der Klinikbetrieb ist einem Defekt an der Heizungsanlage zum Opfer gefallen. Nun gibt es aber gute Nachrichten von einem der größten medizinischen Zentren Deutschlands.,https://image.stern.de/35292948/t/1q/v1/w1440/r1.7778/-/08--yubbg2g5inv1axs2048jpeg---76a02a7c6279f20c.jpg,2024-12-08T12:08:43Z,https://web.archive.org/web/20241208132106/https://www.stern.de/gesellschaft/regional/baden-wuerttemberg/grosseinsatz--heizungspanne---uniklinik-heidelberg-wieder-im-normalbetrieb-35292946.html,"Kopiere den aktuellen Link
Der Klinikbetrieb ist einem Defekt an der Heizungsanlage zum Opfer gefallen. Nun gibt es aber gute Nachrichten von einem der größten medizinischen Zentren Deutschlands.
D… [+1532 chars]",,de,'Heizung'
https://www.zeit.de/news/2024-12/08/heizungspanne-uniklinik-heidelberg-wieder-im-normalbetrieb,https://www.zeit.de/news/2024-12/08/heizungspanne-uniklinik-heidelberg-wieder-im-normalbetrieb,0,www.zeit.de,Großeinsatz: Heizungspanne - Uniklinik Heidelberg wieder im Normalbetrieb,Hier finden Sie Informationen zu dem Thema „Großeinsatz“. Lesen Sie jetzt „Heizungspanne - Uniklinik Heidelberg wieder im Normalbetrieb“.,https://img.zeit.de/news/2024-12/08/heizungspanne-uniklinik-heidelberg-wieder-im-normalbetrieb-image-group/wide__1300x731,2024-12-08T12:08:43Z,,"Die Folgen eines gravierenden Heizungsausfalls am Heidelberger Uniklinikum sind behoben. «Die Wärmeversorgung ist wieder aktiv, Warmwasser, Heizung und Lüftung funktionieren», teilte die Klinik auf i… [+1374 chars]",,de,'Heizung'
https://taz.de/Fluechtlingsunterkunft-Berlin-Tegel/!6053473/,https://taz.de/Fluechtlingsunterkunft-Berlin-Tegel/!6053473/,0,taz.de,Flüchtlingsunterkunft Berlin-Tegel: Sparen an den Mitarbeitern,In Berlins größter Notunterkunft verliert ein Viertel der Mitarbeiter den Job. Nun dürfen sie sich erneut bewerben – aber zu schlechteren Bedingungen.,https://taz.de/picture/7402123/1200/37191143-1.jpeg,2024-12-09T08:00:00Z,https://web.archive.org/web/20241209125543/https://taz.de/Fluechtlingsunterkunft-Berlin-Tegel/!6053473/,In Berlins größter Notunterkunft verliert ein Viertel der Mitarbeiter den Job. Nun dürfen sie sich erneut bewerben – aber zu schlechteren Bedingungen. mehr...,,de,'Not'
https://www.zeit.de/news/2024-12/09/rund-30-millionen-euro-fuer-strassenbahnausbau-in-leipzig,https://www.zeit.de/news/2024-12/09/rund-30-millionen-euro-fuer-strassenbahnausbau-in-leipzig,0,www.zeit.de,ÖPNV: Rund 30 Millionen Euro für Straßenbahnausbau in Leipzig,Hier finden Sie Informationen zu dem Thema „ÖPNV“. Lesen Sie jetzt „Rund 30 Millionen Euro für Straßenbahnausbau in Leipzig“.,https://img.zeit.de/news/2024-12/09/rund-30-millionen-euro-fuer-strassenbahnausbau-in-leipzig-image-group/wide__1300x731,2024-12-09T11:55:43Z,,Der Ausbau des Straßenbahnnetzes in Leipzig wird von Bund und Land mit rund 30 Millionen Euro gefördert. Sachsens Verkehrsminister Martin Dulig (SPD) überreichte entsprechende Förderbescheide an die … [+283 chars],,de,'ÖPNV'
https://www.welt.de/wissenschaft/article254816206/Klimawandel-2024-wurd-das-waermste-Jahr-seit-Beginn-der-Aufzeichnungen.html,https://www.welt.de/wissenschaft/article254816206/Klimawandel-2024-wurd-das-waermste-Jahr-seit-Beginn-der-Aufzeichnungen.html,0,www.welt.de,2024 wird das wärmste Jahr seit Beginn der Aufzeichnungen,"Der November war überdurchschnittlich warm, wie auch das gesamte Jahr: Gut 1,5 Grad Celsius über dem industriellen Niveau. Trockenheit setzt auch der Landwirtschaft in Europa zu – Experten empfehlen ein Dürre-Monitoring.",https://img.welt.de/img/wissenschaft/mobile254815602/8147936377-ci16x9-w1200/Duerre-im-Nordosten-der-USA.jpg,2024-12-09T14:30:16Z,https://web.archive.org/web/20241209151758/https://www.welt.de/wissenschaft/article254816206/Klimawandel-2024-wurd-das-waermste-Jahr-seit-Beginn-der-Aufzeichnungen.html,"Der November war überdurchschnittlich warm, wie auch das gesamte Jahr: Gut 1,5 Grad Celsius über dem industriellen Niveau. Trockenheit setzt auch der Landwirtschaft in Europa zu Experten empfehlen ei… [+2384 chars]",,de,'Landwirtschaft'
https://www.morgenpost.de/ratgeber-wissen/article407517108/waermepumpen-heizung-foerderung-experte.html,https://www.morgenpost.de/ratgeber-wissen/article407517108/waermepumpen-heizung-foerderung-experte.html,0,www.morgenpost.de,Wärmepumpe mit Förderung: So viel kostet die neue Heizung,"Für eine neue Wärmepumpe gibt es Fördermittel. Ein Experte erklärt, wie viel eine neue Heizung, abzüglich der Förderung, netto kostet.",https://img.sparknews.funkemedien.de/407672667/407672667_1731431008_v16_9_1600.jpeg,2024-12-09T17:05:00Z,,"Berlin. Für eine neue Wärmepumpe gibt es Fördermittel. Ein Experte erklärt, wie viel eine neue Heizung, abzüglich der Förderung, netto kostet.
<ul><li>Über die Heizungsförderung kann man die Kosten … [+11507 chars]",,de,'Heizung'
https://www.morgenpost.de/ratgeber-wissen/article407560283/waermepumpe-stromverbrauch-experte-energie-rat.html,https://www.morgenpost.de/ratgeber-wissen/article407560283/waermepumpe-stromverbrauch-experte-energie-rat.html,0,www.morgenpost.de,Energiekosten einer Wärmepumpe: Experte gibt deutlichen Rat,"Wer eine Wärmepumpe einbaut, muss Stromverbrauch und -kosten einkalkulieren. Lohnen sich eigens dafür spezielle Wärmepumpen-Tarife?",https://img.sparknews.funkemedien.de/407672769/407672769_1731431730_v16_9_1600.jpeg,2024-12-09T17:05:00Z,,"Berlin. Wer eine Wärmepumpe einbaut, muss Stromverbrauch und -kosten einkalkulieren. Wie man die Kosten niedrig hält, erklärt ein Experte.
Wer seine Gas- oder Ölheizung durch eine Wärmepumpe ersetzt… [+10239 chars]",,de,'Energiekosten'
https://www.morgenpost.de/politik/article407823565/ende-des-heizungsgesetzes-diese-rhetorik-ist-gefaehrlich.html,https://www.morgenpost.de/politik/article407823565/ende-des-heizungsgesetzes-diese-rhetorik-ist-gefaehrlich.html,0,www.morgenpost.de,Ende des Heizungsgesetzes? „Diese Rhetorik ist gefährlich“,"Die Union will das umstrittene Heizungsgesetz zurücknehmen. Schornsteinfeger Julian Schwark erklärt, was Verbraucher jetzt tun sollten.",https://img.sparknews.funkemedien.de/405443155/405443155_1721044452_v16_9_1600.jpeg,2024-12-10T08:40:19Z,https://web.archive.org/web/20241211163328/https://www.morgenpost.de/politik/article407823565/ende-des-heizungsgesetzes-diese-rhetorik-ist-gefaehrlich.html,"Berlin. Die Union will das umstrittene Heizungsgesetz zurücknehmen. Schornsteinfeger Julian Schwark erklärt, was Verbraucher jetzt tun sollten. 
Das Gebäudeenergiegesetz, besser bekannt als Heizungs… [+4316 chars]",,de,'Heizung'
https://www.diepresse.com/19159239/wie-sie-ihre-heizung-bestens-optimieren,https://www.diepresse.com/19159239/wie-sie-ihre-heizung-bestens-optimieren,0,www.diepresse.com,Wie Sie Ihre Heizung bestens optimieren,Heat4All und Energy4All: Nachhaltige Infrarotheizungen mit günstigem Stromtarif – das ist die optimale Kooperation für die Zukunft.,https://img.diepresse.com/public/incoming/kydq7j-Header.jpg/alternates/DPR_SOCIAL_SPONSORED/Header.jpg,2024-12-10T09:00:00Z,https://web.archive.org/web/20241211211212/https://www.diepresse.com/19159239/wie-sie-ihre-heizung-bestens-optimieren,"Heat4All und Energy4All: Nachhaltige Infrarotheizungen mit günstigem Stromtarif das ist die optimale Kooperation für die Zukunft.
Mit dem nahenden Winter steht die Frage nach einer effizienten und k… [+5399 chars]",,de,'Heizung'
https://www.focus.de/panorama/aus-aller-welt/todkranke-rentnerin-sitzt-im-eiskalten-zuhause-gemeinde-schaltet-heizung-ab_dbf3830b-374e-4457-8610-136de75b7daf.html,https://www.focus.de/panorama/aus-aller-welt/todkranke-rentnerin-sitzt-im-eiskalten-zuhause-gemeinde-schaltet-heizung-ab_dbf3830b-374e-4457-8610-136de75b7daf.html,0,www.focus.de,"Täglich 12 Stunden - Todkranke Rentnerin sitzt im „eiskalten“ Zuhause, Gemeinde schaltet Heizung ab",Schwerkranke Rentnerin aus England leidet unter Kälte in ihrer Wohnung. Die Heizung wird täglich für 12 Stunden abgeschaltet.,https://quadro.burda-forward.de/ctf/a6d2d8bc-5e64-4d5a-82a8-cf001e5c952c.8a0452ef-7308-4706-bf5a-4e03006b0f76.jpg?im=RegionOfInterestCrop%3D%281200%2C630%29%2CregionOfInterest%3D%28198%2C174%29&hash=b413d10472b9f54a38f0e7850518b8cf1d28b6a676ed5a8b112f9fed3cc09229,2024-12-10T09:35:00Z,,"Eine schwerkranke Rentnerin aus London klagt über eisige Temperaturen in ihrer Wohnung. Täglich bleibt die Heizung für zwölf Stunden ausgeschaltet, ohne dass die Mieter die Heizzeiten selbst steuern … [+2533 chars]",,de,'Heizung'
https://taz.de/Proteste-gegen-LNG-Gipfel-in-Berlin/!6055369/,https://taz.de/Proteste-gegen-LNG-Gipfel-in-Berlin/!6055369/,0,taz.de,Proteste gegen LNG-Gipfel in Berlin: Partycrasher am Luxushotel,"Klimaaktivisten stören ein Treffen der Gas-Industrie im Luxushotel Adlon. Ende Gelände wird gestoppt, doch die Letzte Generation blockiert Eingänge.",https://taz.de/picture/7404550/1200/0327-1.jpeg,2024-12-10T09:59:00Z,https://web.archive.org/web/20241210110158/https://taz.de/Proteste-gegen-LNG-Gipfel-in-Berlin/!6055369/,"Klimaaktivisten stören ein Treffen der Gas-Industrie im Luxushotel Adlon. Ende Gelände wird gestoppt, doch die Letzte Generation blockiert Eingänge. mehr...",,de,'Gas'
https://www.diepresse.com/19162649/europas-batterieindustrie-fuer-e-autos-scheitert-gerade-kolossal-und-china-wird-noch-dominanter,https://www.diepresse.com/19162649/europas-batterieindustrie-fuer-e-autos-scheitert-gerade-kolossal-und-china-wird-noch-dominanter,0,www.diepresse.com,Europas Batterieindustrie für E-Autos scheitert gerade kolossal – und China wird noch dominanter [premium],"Ein Branchenexperte spricht Klartext: „Wir werden bei den Batterien die gleichen Abhängigkeiten bekommen, wie wir sie schon bei Öl und Gas haben.“ Und zwar mit Folgen auch für die Wettbewerbsfähigkeit der europäischen Autohersteller.",https://img.diepresse.com/public/incoming/cm88r4-Batterien_Imago.jpg/alternates/DPR_SOCIAL_MAGAZIN/Batterien_Imago.jpg,2024-12-10T10:08:31Z,,"Ein Branchenexperte spricht Klartext: Wir werden bei den Batterien die gleichen Abhängigkeiten bekommen, wie wir sie schon bei Öl und Gas haben. Und zwar mit Folgen auch für die Wettbewerbsfähigkeit … [+426 chars]",,de,'Gas'
https://www.focus.de/finanzen/wirtschafts-news/2025-drohen-hoehere-preise-so-kommen-gas-kunden-jetzt-aus-den-teuer-vertraegen_a68a5f2b-5965-4777-b504-85811c566612.html,https://www.focus.de/finanzen/wirtschafts-news/2025-drohen-hoehere-preise-so-kommen-gas-kunden-jetzt-aus-den-teuer-vertraegen_a68a5f2b-5965-4777-b504-85811c566612.html,0,www.focus.de,"Tarife, Fristen und Preise - Plus 54 Prozent! So kommen Gas-Kunden jetzt aus den Teuer-Verträgen","Die Energieversorger verschicken bereits ihre Informationsschreiben. Ab Januar 2025 erhöhen viele Energieversorger die monatlichen Abschläge. Höhere CO2-Abgaben machen das Heizen im kommenden Jahr deutlich teurer. FOCUS online sagt, wie man jetzt aus teuren V…",https://quadro.burda-forward.de/ctf/cb273b14-a775-4bde-8ae2-6beec2752a3d.528a0045-ec1d-49ea-a89b-12e987b0c2ba.jpeg?im=Resize%3D%281200%2C630%29&hash=e4d4f4fe985fdc9f28afd7f70f356e6b0166fa48b06fab42762616bff4c12f48,2024-12-10T10:30:00Z,https://web.archive.org/web/20241211173257/https://www.focus.de/finanzen/wirtschafts-news/2025-drohen-hoehere-preise-so-kommen-gas-kunden-jetzt-aus-den-teuer-vertraegen_a68a5f2b-5965-4777-b504-85811c566612.html,"Wer mit Gas heizt, muss im kommenden Jahr tiefer in die Tasche greifen.  
Erste Energieversorger haben bereits begonnen, ihre Kunden über steigende monatliche Abschlagszahlungen zu informieren. Die … [+5856 chars]",,de,'Gas'
https://www.zeit.de/news/2024-12/10/120-festnahmen-bei-protest-gegen-gas-konferenz,https://www.zeit.de/news/2024-12/10/120-festnahmen-bei-protest-gegen-gas-konferenz,0,www.zeit.de,Konferenz zu Flüssiggas: 120 Festnahmen bei Protest gegen Gas-Konferenz,Hier finden Sie Informationen zu dem Thema „Konferenz zu Flüssiggas“. Lesen Sie jetzt „120 Festnahmen bei Protest gegen Gas-Konferenz“.,https://img.zeit.de/news/2024-12/10/120-festnahmen-bei-protest-gegen-gas-konferenz-image-group/wide__1300x731,2024-12-10T10:33:00Z,,Bei den Protesten gegen eine Wirtschaftskonferenz zum Thema Flüssiggas in Berlin hat die Polizei mehr als 120 Demonstranten vorübergehend festgenommen. Man werde die Personalien feststellen und sie d… [+775 chars],,de,'Gas'
https://www.tagesspiegel.de/berlin/konferenz-zu-flussiggas-120-festnahmen-bei-protest-gegen-gas-konferenz-12849713.html,https://www.tagesspiegel.de/berlin/konferenz-zu-flussiggas-120-festnahmen-bei-protest-gegen-gas-konferenz-12849713.html,0,www.tagesspiegel.de,Konferenz zu Flüssiggas: 120 Festnahmen bei Protest gegen Gas-Konferenz,Noch in der Dunkelheit am frühen Dienstagmorgen begannen Proteste von Klimaschützern gegen Flüssiggas und eine entsprechende Konferenz. Die Polizei sprach anschließend von Angriffen und Gewalt.,https://www.tagesspiegel.de/images/12849710/alternates/BASE_16_9_W1400/1733826853000/demonstration-gegen-den-world-lng-summit.jpeg,2024-12-10T10:34:13Z,,Bei den Protesten gegen eine Wirtschaftskonferenz zum Thema Flüssiggas in Berlin hat die Polizei mehr als 120 Demonstranten vorübergehend festgenommen. Man werde die Personalien feststellen und sie d… [+827 chars],,de,'Gas'
https://taz.de/Scholz-zu-Besuch-bei-Ford/!6051665/,https://taz.de/Scholz-zu-Besuch-bei-Ford/!6051665/,0,taz.de,Scholz zu Besuch bei Ford: Gas geben für den Wahlkampf,"Statt der Autoindustrie aus der Krise zu helfen, nutzt Kanzler Scholz den Besuch bei Ford als Wahlkampftermin. Mehr Kaufanreize werden Jobs nicht sichern.",https://taz.de/picture/7406439/1200/37205009-1.jpeg,2024-12-10T15:34:00Z,,"Statt der Autoindustrie aus der Krise zu helfen, nutzt Kanzler Scholz den Besuch bei Ford als Wahlkampftermin. Mehr Kaufanreize werden Jobs nicht sichern. mehr...",,de,'Gas'
https://www.stern.de/gesellschaft/regional/berlin-brandenburg/konferenz-zu-fluessiggas--203-festnahmen-bei-protest-gegen-gas-konferenz-35298212.html,https://www.stern.de/gesellschaft/regional/berlin-brandenburg/konferenz-zu-fluessiggas--203-festnahmen-bei-protest-gegen-gas-konferenz-35298212.html,0,www.stern.de,Konferenz zu Flüssiggas: 203 Festnahmen bei Protest gegen Gas-Konferenz,Noch in der Dunkelheit am frühen Dienstagmorgen begannen Proteste von Klimaschützern gegen Flüssiggas und eine entsprechende Konferenz. Die Polizei sprach anschließend von Angriffen und Gewalt.,https://image.stern.de/35298214/t/HA/v2/w1440/r1.7778/-/10--u2knux3z2zv1axs2048jpeg---7e7257827119e07f.jpg,2024-12-10T15:41:05Z,,"Kopiere den aktuellen Link
Noch in der Dunkelheit am frühen Dienstagmorgen begannen Proteste von Klimaschützern gegen Flüssiggas und eine entsprechende Konferenz. Die Polizei sprach anschließend von… [+1252 chars]",,de,'Gas'
https://stadt-bremerhaven.de/bsi-nimmt-smarte-heizungsthermostate-unter-die-lupe/,https://stadt-bremerhaven.de/bsi-nimmt-smarte-heizungsthermostate-unter-die-lupe/,0,stadt-bremerhaven.de,BSI nimmt smarte Heizungsthermostate unter die Lupe,"Die steigenden Energiepreise veranlassen viele Menschen, ihre Heizung mit intelligenten Thermostaten auszustatten. Das Bundesamt für Sicherheit in der Informationstechnik (BSI) hat nun in einer aktuellen Studie die Sicherheit dieser Geräte unter die Lupe geno…",https://stadt-bremerhaven.de/wp-content/uploads/2021/12/heizung_Blog.webp,2024-12-10T15:59:53Z,https://web.archive.org/web/20241210164907/https://stadt-bremerhaven.de/bsi-nimmt-smarte-heizungsthermostate-unter-die-lupe/,"Die steigenden Energiepreise veranlassen viele Menschen, ihre Heizung mit intelligenten Thermostaten auszustatten. Das Bundesamt für Sicherheit in der Informationstechnik (BSI) hat nun in einer aktue… [+2568 chars]",,de,'Heizung'
https://www.morgenpost.de/politik/article407823565/heizung-heizungsgesetz-geg-abschaffen-wahl-union-schornsteinfeger.html,https://www.morgenpost.de/politik/article407823565/heizung-heizungsgesetz-geg-abschaffen-wahl-union-schornsteinfeger.html,0,www.morgenpost.de,Heizungsgesetzes abschaffen? „Diese Rhetorik ist gefährlich“,"Die Union plant, das Heizungsgesetz nach einem möglichen Wahlerfolg abzuschaffen. Warum ein Experte warnt – und was er Verbrauchern rät.",https://img.sparknews.funkemedien.de/405443155/405443155_1721044452_v16_9_1600.jpeg,2024-12-11T15:46:34Z,https://web.archive.org/web/20241212054518/https://www.morgenpost.de/politik/article407823565/heizung-heizungsgesetz-geg-abschaffen-wahl-union-schornsteinfeger.html,"Berlin. Die Union plant, das Heizungsgesetz nach einem möglichen Wahlerfolg abzuschaffen. Warum ein Experte warnt und was er Verbrauchern rät.
<ul><li>Auch im Wahlkampf spielt das Thema Energie und … [+4643 chars]",,de,'Heizung'
