,phrase,label,sentiment,subjectivity,language,count
Deutschland,,,,,,
Berlin,,,,,,
Ukraine,,,,,,
Russland,,,,,,
Europa,,,,,,
Frankreich,,,,,,
Deutschlands,,,,,,
Bund,,,,,,
USA,,,,,,
Bayern,,,,,,
Gaspreisbremse,,,,,,
Spanien,,,,,,
Italien,,,,,,
Brüssel,,,,,,
Hamburg,,,,,,
Brandenburg,,,,,,
Strompreisbremse,,,,,,
Düsseldorf,,,,,,
Österreich,,,,,,
den USA,,,,,,
Türkei,,,,,,
Sachsen-Anhalt,,,,,,
Niedersachsen,,,,,,
München,,,,,,
Katar,,,,,,
Europas,,,,,,
Maskenpflicht,,,,,,
Sachsen,,,,,,
S,,,,,,
Preisbremsen,,,,,,
China,,,,,,
Thüringen,,,,,,
Drucken</li><li,,,,,,
Teilen</li><li,,,,,,
E-Mail</li><li,,,,,,
Ostsee,,,,,,
Wilhelmshaven,,,,,,
Großbritannien,,,,,,
Schleswig-Holstein,,,,,,
Hessen,,,,,,
Kalifornien,,,,,,
Alpen,,,,,,
Stadt,,,,,,
Russlands,,,,,,
Kiew,,,,,,
NRW,,,,,,
Rheinland-Pfalz,,,,,,
Straße,,,,,,
Kommentare</li><li,,,,,,
Frankfurt,,,,,,
Washington,,,,,,
Bundesrepublik,,,,,,
Mecklenburg-Vorpommern,,,,,,
Staaten,,,,,,
Wien,,,,,,
Bayerns,,,,,,
Mallorca,,,,,,
Bremen,,,,,,
D,,,,,,
Freier,,,,,,
Schweden,,,,,,
Paris,,,,,,
Baden-Württemberg,,,,,,
Polen,,,,,,
Bonn,,,,,,
Potsdam,,,,,,
Spaniens,,,,,,
Freistaat,,,,,,
Energiepreisbremsen,,,,,,
Nordsee,,,,,,
Norwegen,,,,,,
EU-Staaten,,,,,,
Ukraine-Kriegs,,,,,,
Erde,,,,,,
Italiens,,,,,,
Br\u00fcssel,,,,,,
\u00fcberall,,,,,,
Moskau,,,,,,
Qualitätsartikel,,,,,,
Corona,,,,,,
Privacy Center,,,,,,
Schweiz,,,,,,
Tirol,,,,,,
Nordrhein-Westfalen,,,,,,
Österreichs,,,,,,
Syrien,,,,,,
Sachsens,,,,,,
Berlins,,,,,,
Scholz,,,,,,
Griechenland,,,,,,
Gardasee,,,,,,
New York,,,,,,
Lauterbach,,,,,,
Ägypten,,,,,,
Dänemark,,,,,,
Moldau,,,,,,
Saarland,,,,,,
Bundesnetzagentur,,,,,,
London,,,,,,
Lützerath,,,,,,
Union,,,,,,
Argentinien,,,,,,
Frankreichs,,,,,,
Lubmin,,,,,,
Kreml,,,,,,
Landes,,,,,,
Bundesanwaltschaft,,,,,,
Dresden,,,,,,
Dürre,,,,,,
Afghanistan,,,,,,
Afrika,,,,,,
US-Präsident,,,,,,
Kanada,,,,,,
Vorarlberg,,,,,,
Hannover,,,,,,
Norditalien,,,,,,
Japan,,,,,,
Chile,,,,,,
Ibiza,,,,,,
Heizungsverbot,,,,,,
Rom,,,,,,
Bergen,,,,,,
Leipzig,,,,,,
Brasilien,,,,,,
Nord-Stream-Pipelines,,,,,,
Irland,,,,,,
Schnee,,,,,,
Salzburg,,,,,,
Hamburgs,,,,,,
Cherson,,,,,,
Barcelona,,,,,,
Brandenburgs,,,,,,
Regen,,,,,,
Iran,,,,,,
Venedig,,,,,,
Stuttgart,,,,,,
Rhein,,,,,,
Brunsbüttel,,,,,,
Hausbesitzer,,,,,,
Wein-Podcast,,,,,,
MV,,,,,,
Israel,,,,,,
Syriens,,,,,,
LNG-Terminal,,,,,,
Landtag,,,,,,
Niederösterreich,,,,,,
Ungarn,,,,,,
Staat,,,,,,
Niederlande,,,,,,
EU-Gaspreisdeckel,,,,,,
Thüringer Wald,,,,,,
Burgenland,,,,,,
Libanon,,,,,,
Estland,,,,,,
Preisbremse,,,,,,
Südafrika,,,,,,
Bulgarien,,,,,,
Madrid,,,,,,
Jena,,,,,,
Wiesbaden,,,,,,
Luxemburg,,,,,,
Davos,,,,,,
Prag,,,,,,
Gaspreisdeckel,,,,,,
Offenbach,,,,,,
Essen,,,,,,
Gasumlage,,,,,,
Horn von Afrika,,,,,,
Mittelmeer,,,,,,
Bordeaux,,,,,,
Ostdeutschland,,,,,,
Katalonien,,,,,,
Karwoche,,,,,,
Finanzminister,,,,,,
Köln,,,,,,
Brandenburger Tor,,,,,,
bb,,,,,,
Land,,,,,,
Insel Ischia,,,,,,
Minus,,,,,,
Australien,,,,,,
Emilia-Romagna,,,,,,
Harz,,,,,,
Friedrichshain,,,,,,
Nebel,,,,,,
Winterlücke,,,,,,
Pyrenäen,,,,,,
Pakistan,,,,,,
San Francisco,,,,,,
Halle,,,,,,
Rügen,,,,,,
Freising,,,,,,
Erding,,,,,,
Portugal,,,,,,
England,,,,,,
Briten,,,,,,
Gaseinkauf,,,,,,
BVG,,,,,,
G,,,,,,
Kenia,,,,,,
Russen,,,,,,
P,,,,,,
Ludwigshafen,,,,,,
Frankfurt am Main,,,,,,
Gazprom-Tochter,,,,,,
Wall Street,,,,,,
Kaliforniens,,,,,,
Marseille,,,,,,
Donaukanal,,,,,,
Landkreis Ebersberg,,,,,,
Mittelmeerraum,,,,,,
Klimaaktivisten,,,,,,
Wismar,,,,,,
Brocken,,,,,,
E,,,,,,
Südtirol,,,,,,
Nord Stream,,,,,,
Cottbus,,,,,,
Wetter-Ticker,,,,,,
Gaspreises,,,,,,
Weimar,,,,,,
Gasspeichern,,,,,,
Ampel-Kompromiss,,,,,,
Dachau,,,,,,
Österreicher,,,,,,
Litauen,,,,,,
Wetterlage im Ticker,,,,,,
LNG-Terminals,,,,,,
Ostafrika,,,,,,
Amt,,,,,,
EU-Gipfels,,,,,,
Sevilla,,,,,,
Kataloniens,,,,,,
Küste,,,,,,
Südspanien,,,,,,
Oberösterreich,,,,,,
Texas,,,,,,
Dresdner,,,,,,
Fürstenfeldbruck,,,,,,
Südamerika,,,,,,
Zürich,,,,,,
Uruguay,,,,,,
Lustenau,,,,,,
Angola,,,,,,
Winterdürre,,,,,,
Somalia,,,,,,
Brandenburger,,,,,,
Po,,,,,,
Kasachstan,,,,,,
Erdbeben in der Türkei,,,,,,
Gasfüllstand,,,,,,
Asien,,,,,,
Mayen,,,,,,
Republik,,,,,,
Südfrankreich,,,,,,
Magdeburg,,,,,,
Saudi-Arabien,,,,,,
Landkreis,,,,,,
Afrikas,,,,,,
Amerikaner,,,,,,
Vereinigten Arabischen Emiraten,,,,,,
Steigende,,,,,,
Nahverkehrsticket,,,,,,
Mecklenburg-Vorpommerns,,,,,,
Erdogan,,,,,,
Spaniens Küste,,,,,,
Tschechien,,,,,,
Gemeinde,,,,,,
Berlin-Brandenburg,,,,,,
B…,,,,,,
Berlin-Neu-Hohenschönhausen,,,,,,
Energiepauschale,,,,,,
Marokko,,,,,,
der Schweiz,,,,,,
Steiermark,,,,,,
Den Haag,,,,,,
Mitteldeutschland,,,,,,
Vorpommern-Greifswald,,,,,,
Stade,,,,,,
Landkreis Gifhorn,,,,,,
Mexiko,,,,,,
Belgien,,,,,,
Republik Moldau,,,,,,
Ga,,,,,,
Corona-Maskenpflicht,,,,,,
Sa,,,,,,
Oberpfalz,,,,,,
sparenGas,,,,,,
Süddeutschland,,,,,,
Rostock,,,,,,
Kartellamt,,,,,,
Büros,,,,,,
Alpenraum,,,,,,
Irak,,,,,,
Niedersachsens,,,,,,
Deutschland-Tempo,,,,,,
Italiener,,,,,,
Energ,,,,,,
Oberhof,,,,,,
Leyen,,,,,,
Venetien,,,,,,
Netzagenturchef,,,,,,
Bundes,,,,,,
F,,,,,,
Ruhrgebiet,,,,,,
Europäer,,,,,,
Vereinigten Staaten,,,,,,
Emirat,,,,,,
Kiews,,,,,,
Frankfurt/Main,,,,,,
Euronews,,,,,,
Insel,,,,,,
Namibia,,,,,,
Covid-19,,,,,,
Lawinenabgängen,,,,,,
Irrsee,,,,,,
Willingen,,,,,,
Stein,,,,,,
Marktredwitz,,,,,,
Schwerin,,,,,,
Foto,,,,,,
US-Bundesstaat,,,,,,
Özdemir,,,,,,
Statistische Landesamt,,,,,,
Kiewer,,,,,,
Hermsdorf,,,,,,
Loitz,,,,,,
Schleswig-Holsteins,,,,,,
Ostseeküste,,,,,,
Ukraine-Krise,,,,,,
Schuld,,,,,,
Thüringer,,,,,,
Erdbeben,,,,,,
Öko-Landwirtschaft,,,,,,
Doñana,,,,,,
Flüssiggas-Terminals,,,,,,
Land Berlin,,,,,,
Kremls,,,,,,
Kältetelefon,,,,,,
Dürresommer,,,,,,
Weinviertel,,,,,,
Berlin-Lichterfelde,,,,,,
Neusiedler See,,,,,,
Heizwende,,,,,,
Biesenbrower Straße,,,,,,
Härtefallhilfen,,,,,,
Rehden,,,,,,
Biden,,,,,,
Qatar,,,,,,
Flughafen Tempelhof,,,,,,
Rohrbruch,,,,,,
Hanau,,,,,,
spanische Regierung,,,,,,
Baden-Baden,,,,,,
Münster,,,,,,
Nordamerika,,,,,,
Karnevals-Wochenende,,,,,,
Toskana,,,,,,
Nord Stream 2,,,,,,
Skyline-Blick,,,,,,
Mars,,,,,,
IMAGO,,,,,,
Pfalz,,,,,,
Amerika,,,,,,
Flüssigerdgas-Terminals,,,,,,
Buffalo,,,,,,
Burgund,,,,,,
Selenskij,,,,,,
Charkiw,,,,,,
Bayerischen Wald,,,,,,
Taufkirchen,,,,,,
Jahr,,,,,,
Kassel,,,,,,
Meeresboden,,,,,,
Corona-Maßnahmen,,,,,,
Donezk,,,,,,
Mainz,,,,,,
Tausende,,,,,,
La Niña,,,,,,
Starkregen,,,,,,
Rhein-Main,,,,,,
Neubiberg,,,,,,
Ischia,,,,,,
Apulien,,,,,,
Landkreis Erie,,,,,,
Kiez,,,,,,
Heiz-Hammer,,,,,,
Pajaro,,,,,,
Tiroler,,,,,,
Gletscherschwund,,,,,,
Klimawende,,,,,,
Japans,,,,,,
Frühjahrsaussaat,,,,,,
Thüringens,,,,,,
To-Go-Speisen,,,,,,
Mützenich,,,,,,
bayerischen Bergen,,,,,,
Lichterfelde,,,,,,
Friedrichstadt,,,,,,
Weihnachtsmarktwetter,,,,,,
Städtetag,,,,,,
Härtefallhilfe,,,,,,
U-,,,,,,
Siegen,,,,,,
Dividendenverbot,,,,,,
Neuschnee am Wochenende,,,,,,
Indonesien,,,,,,
Burgenlandkreis,,,,,,
Bebra,,,,,,
Lüneburg,,,,,,
Tunesien,,,,,,
Sanierungswüste,,,,,,
Ramsau,,,,,,
Asiaten,,,,,,
Poel,,,,,,
Rimini,,,,,,
Forlì,,,,,,
Landwirtschaftsverband,,,,,,
Startseite</li><li,,,,,,
Berliner Wasserbetriebe,,,,,,
Schottland,,,,,,
Wetterwoche,,,,,,
Schnellcheck,,,,,,
Weißenfels,,,,,,
Provinz Alberta,,,,,,
Aldi,,,,,,
seid,,,,,,
Bärenspuren,,,,,,
Brandenburger Landtag,,,,,,
Windkraftbauer,,,,,,
br.de,,,,,,
Erfurt,,,,,,
Australier,,,,,,
Beispiellose Hitze,,,,,,
Bussen,,,,,,
Zaun,,,,,,
S-Bahnhof Blankenfelde,,,,,,
Tempelhof,,,,,,
Kreis,,,,,,
Tierheim Berlin,,,,,,
Cloud-Gaming-Rückblick am Sonntag,,,,,,
"Landesamt für Landwirtschaft, Lebensmittelsicherheit und Fischerei",,,,,,
Sterndamm,,,,,,
Borkum,,,,,,
Moldawien,,,,,,
Malawi,,,,,,
S-Bahn,,,,,,
Sizilien,,,,,,
Cloud-Gaming-News,,,,,,
Schwarzwald,,,,,,
E-Fuels,,,,,,
Colorado,,,,,,
Garmisch-Partenkirchen,,,,,,
Essener,,,,,,
Ankunftszentrum,,,,,,
Yanomami,,,,,,
Stockholm,,,,,,
Simmering,,,,,,
Münchner S-Bahn,,,,,,
Tal,,,,,,
Katars,,,,,,
Kleinwalsertal,,,,,,
Somaliland,,,,,,
Haidach,,,,,,
Dortmund,,,,,,
Saale-Holzland-Kreis,,,,,,
Chinas,,,,,,
Mengen,,,,,,
BR24.,,,,,,
Potsdamer,,,,,,
Dublin,,,,,,
Übersee,,,,,,
Sauerland,,,,,,
Lech,,,,,,
Notunterkunft,,,,,,
US-Regierung,,,,,,
Großbritanniens,,,,,,
Kreta,,,,,,
Sturmtief,,,,,,
Nürnberg,,,,,,
Geywitz,,,,,,
Märkischer,,,,,,
Neukölln,,,,,,
Playa de Palma,,,,,,
Alster,,,,,,
A72,,,,,,
Kohlenmonoxid-Austritt,,,,,,
Berlin-Friedrichshain Obdach,,,,,,
Stadt Leipzig,,,,,,
Freiburg,,,,,,
Landkreisen,,,,,,
Pasing,,,,,,
Winter-Dürre,,,,,,
Babelsberg,,,,,,
Großmarkt,,,,,,
Biosphäre Potsdam Flüchtlingen,,,,,,
Main-Tauber-Kreis,,,,,,
Fichtelberg,,,,,,
Kärnten,,,,,,
Oman,,,,,,
Zwingli-Kirche,,,,,,
Hause,,,,,,
Sardinien,,,,,,
Teuerungswelle,,,,,,
Straßwalchen,,,,,,
Hessens,,,,,,
Bad Tölz,,,,,,
Baden,,,,,,
Offenburg,,,,,,
Südkorea,,,,,,
Berlin-Mitte,,,,,,
Ostsee-Gaspipelines,,,,,,
Bremer,,,,,,
Finnland,,,,,,
Entwarnung,,,,,,
Kreises,,,,,,
Ebersberg,,,,,,
Sabotage-Verdacht,,,,,,
Wiesbadener,,,,,,
Niedergailbach,,,,,,
Athen,,,,,,
Iberischen Halbinsel,,,,,,
Grimma,,,,,,
Gas-Pipelines,,,,,,
Brüsseler,,,,,,
Warschau,,,,,,
Niederlanden,,,,,,
deutsche Regierung,,,,,,
Fahrtausfälle,,,,,,
Luca Zaia,,,,,,
Stadt Venedig,,,,,,
Amerikas,,,,,,
FOCUS-online-,,,,,,
Penzberg,,,,,,
Ludwig-März-Straße,,,,,,
Bad Friedrichshall,,,,,,
Gas-Lecks,,,,,,
Gasimporteur,,,,,,
Havel,,,,,,
Heizungscheck,,,,,,
Mosambik,,,,,,
Ländle,,,,,,
Wüste,,,,,,
Nasser Schnee,,,,,,
Milliarden-Hilfspaket,,,,,,
Rheinhessen,,,,,,
Marktschorgast,,,,,,
Bundesärztekammer,,,,,,
Kältebusse,,,,,,
Oldenburg,,,,,,
Kanarischen Regierung,,,,,,
Spezialschiff,,,,,,
Preisdeckeln,,,,,,
B,,,,,,
Windrädern im Wald,,,,,,
Mayen-Koblenz,,,,,,
Mosel,,,,,,
Piemont,,,,,,
Jaén,,,,,,
Tulare-See,,,,,,
Putins,,,,,,
Duisburger,,,,,,
Au,,,,,,
Main-Kinzig-Kreis,,,,,,
Celsius,,,,,,
Mendoza,,,,,,
britische Regierung,,,,,,
Volksoper Wien,,,,,,
Wintersturm,,,,,,
Sudan,,,,,,
Härtefallfonds,,,,,,
Alpaka-Wolle,,,,,,
Schlei-Region,,,,,,
Bund-Länder-Treffen,,,,,,
Habecks,,,,,,
Lausitz,,,,,,
Kloster Lluc,,,,,,
Bergnot,,,,,,
Balearen-Insel,,,,,,
Heizfehler,,,,,,
Photovol,,,,,,
Berlin-Kreuzberg,,,,,,
Bundesregieru,,,,,,
Rheinland,,,,,,
Mittelmeer-Insel,,,,,,
Ruhpolding,,,,,,
Neuland,,,,,,
Trockenheitsalarm,,,,,,
Statistischen Bundesamts,,,,,,
Golfstaat,,,,,,
Heizungswechsel,,,,,,
Augsburg,,,,,,
Flensburg,,,,,,
Bachmut,,,,,,
Wetter,,,,,,
Guatemala,,,,,,
Johannisthal,,,,,,
Tallinn,,,,,,
Mittwoch,,,,,,
Vorachstraße,,,,,,
Weihnachtswochenende,,,,,,
Preisbarometer,,,,,,
Feldberg,,,,,,
Quasi-Heiztauschpflicht,,,,,,
Biberach,,,,,,
Tausenden,,,,,,
Reichstagswiese,,,,,,
KriegsrealitÃ¤t,,,,,,
Wetzlar,,,,,,
Bautzen,,,,,,
Chisinau,,,,,,
Klar,,,,,,
…,,,,,,
Nord Stream 1,,,,,,
Gasspeicher-Füllstand,,,,,,
Wei,,,,,,
Kalte,,,,,,
Kantonsspital Aarau,,,,,,
Grönland,,,,,,
Oberstdorf,,,,,,
Glättegefahr,,,,,,
El Niño,,,,,,
Sachsen-Anhalts,,,,,,
Donau,,,,,,
Genf,,,,,,
Leiferde,,,,,,
Nordostsyrien,,,,,,
Verkehrsminister von Bund und Ländern,,,,,,
Deuschland,,,,,,
Elbe,,,,,,
Mehrfamilienhaus,,,,,,
Spätwinterlich,,,,,,
W,,,,,,
St,,,,,,
Schwenningen,,,,,,
Zugspitze,,,,,,
Ski-Saison,,,,,,
Kostenschock,,,,,,
Liechtenstein,,,,,,
Celle,,,,,,
Notschlafplätzen,,,,,,
Département,,,,,,
Energiepreisbremse,,,,,,
EU-Label,,,,,,
Niederbayern,,,,,,
Druschba-Pipeline,,,,,,
Pipeline Druschba,,,,,,
Wüstenrennmäuse,,,,,,
Baden-Württembergs,,,,,,
Trockenheit,,,,,,
Wärmestuben,,,,,,
Höhle der Löwen,,,,,,
Alaska-Seelachs,,,,,,
Taunus Therme,,,,,,
Kroatien,,,,,,
Frankfurter Allee,,,,,,
Corona-Isolationspflicht,,,,,,
Rems-Murr-Kreis,,,,,,
Vorarlberger,,,,,,
IEA-Chef,,,,,,
Innenstadt,,,,,,
Wohnungslosenunterkunft,,,,,,
Deutschlandticket,,,,,,
Offshore-Windparks,,,,,,
Bundeswirtschaftsminister,,,,,,
Schweriner,,,,,,
Golf von Mexiko,,,,,,
Quedlinburg,,,,,,
Notfallmodus,,,,,,
S-Bahnen,,,,,,
Notfallplans,,,,,,
Hamburg-Jenfeld,,,,,,
Schweineställen,,,,,,
Pink-Floyd-Mitbegründers,,,,,,
Kabul,,,,,,
Horizont,,,,,,
Diakonie Oberland,,,,,,
A4,,,,,,
Erdbeerfelder,,,,,,
Corona-Regeln,,,,,,
Rangsdorf,,,,,,
Panamakanal,,,,,,
COP27.,,,,,,
Amboseli-Nationalpark,,,,,,
Atlantik,,,,,,
M,,,,,,
Vaterstetten,,,,,,
Obergiesing,,,,,,
Friedrich-Ebert-Straße,,,,,,
Öland,,,,,,
Steinmanderl,,,,,,
Landkreises,,,,,,
Irlands,,,,,,
Illinois,,,,,,
Icking,,,,,,
Belarus,,,,,,
Thermovorhängen,,,,,,
Landkreis Göppingen,,,,,,
Exotenhaus,,,,,,
Bologna,,,,,,
Corona-Pandemie,,,,,,
Südhessen,,,,,,
Garching,,,,,,
Champagne,,,,,,
Lahti,,,,,,
Sainte-Soline,,,,,,
Göttingen,,,,,,
Traglufthalle,,,,,,
Japaner,,,,,,
Gas-Kartelle,,,,,,
Europa-Park,,,,,,
Einfamilienhaus,,,,,,
Doppelwumms,,,,,,
Gasspeicherverband,,,,,,
Chiles,,,,,,
Algerien,,,,,,
Patagonien,,,,,,
Tegel,,,,,,
Steglitz-Zehlendorf,,,,,,
Blackout,,,,,,
DÃ¼rre,,,,,,
Moritzburg,,,,,,
Nord-Stream-Lecks,,,,,,
Kasseler,,,,,,
Marathonverhandlungen,,,,,,
Rheingau-Taunus-Kreis,,,,,,
Ene…,,,,,,
Schwedin,,,,,,
tmn,,,,,,
Molln,,,,,,
Forstenrieder Park,,,,,,
Wiola,,,,,,
Kühle,,,,,,
Soja-Ernte,,,,,,
Bundesgebiet,,,,,,
Gardelegen,,,,,,
Energiepreispauschale,,,,,,
UN-Fonds,,,,,,
Wirtschaftsministerium,,,,,,
Wirtschaftsstabilisierungsfonds,,,,,,
Iberische Halbinsel,,,,,,
Pipeline-Lecks,,,,,,
Belgiens,,,,,,
Ostösterreich,,,,,,
Gaspreisebremse,,,,,,
PV-Pappel,,,,,,
Koalitionskompromissen,,,,,,
Brockenbahn,,,,,,
Hitzerekorde,,,,,,
Weichs,,,,,,
Istanbul,,,,,,
Indigene,,,,,,
Indien,,,,,,
Brandgutachter,,,,,,
Charlottenburg,,,,,,
Gasbedarfs,,,,,,
Glätteunfälle,,,,,,
Klimaökonom Edenhofer,,,,,,
Formentera,,,,,,
Erdbeben in Syrien,,,,,,
Fl,,,,,,
Schweizer Alpen,,,,,,
Dalmatien,,,,,,
Finnen,,,,,,
Hochsauerlandkreis,,,,,,
KZ Sachsenhausen,,,,,,
Kaiserpfalz,,,,,,
Weihnachts-Evangelium,,,,,,
Mytaxi,,,,,,
Langlaufstrecken,,,,,,
Besucher-Busse,,,,,,
Montreal,,,,,,
Landkreis Dachau,,,,,,
Weltnaturschutzkonferenz,,,,,,
Fernwärmbremse,,,,,,
Niederlausitz,,,,,,
Heizungsstreit,,,,,,
Strand,,,,,,
Blumenkohl,,,,,,
Spreewald,,,,,,
Wustermark,,,,,,
Entenfetzen,,,,,,
Breitscheidplatz,,,,,,
Heizöl</li><li,,,,,,
Dörverden,,,,,,
Gargellen,,,,,,
Heizungsbetriebe,,,,,,
Wohnungsnot,,,,,,
Verbots-Plan,,,,,,
Dämmpflicht,,,,,,
Allerstedt,,,,,,
Tigris,,,,,,
Pullach,,,,,,
Dezember-Abschlagszahlungen,,,,,,
S-Bahn Berlin,,,,,,
Landkreis Darmstadt-Dieburg,,,,,,
Gefahr,,,,,,
S-Bahn-Verkehr,,,,,,
Stuttgarter Hauptbahnhof,,,,,,
Tiefausläufers Kälte und Glätte,,,,,,
Sacrower See,,,,,,
Gas-Kommission,,,,,,
Heizungsregeln,,,,,,
Schleiz,,,,,,
Zell am Moos,,,,,,
Mondsand,,,,,,
Space-Architekt,,,,,,
As­tro­nau­t,,,,,,
Heizungsarten,,,,,,
Speicher Rehden,,,,,,
Linke-Fraktion,,,,,,
Habersaathstraße,,,,,,
Babenhausen,,,,,,
Containerbahnhof,,,,,,
Coucou,,,,,,
Braunschweigs,,,,,,
Peru,,,,,,
Unterhaching,,,,,,
S-Bahnbrücke,,,,,,
Bayerischen Staatsballetts,,,,,,
Großreich der Hethiter,,,,,,
Ampelregierung,,,,,,
Englands,,,,,,
Loitzer Notunterkunft,,,,,,
Höchstädt,,,,,,
Warburg,,,,,,
Wetterlage im Ticker - Schneechaos,,,,,,
Landkreis Dillingen an der Donau,,,,,,
Heizungs-Irrsinn,,,,,,
Klimaminister Robert Habeck,,,,,,
Raufrucht-Wasserhanfs,,,,,,
Trockenperioden,,,,,,
Herne,,,,,,
Architekturspaziergänge,,,,,,
Fossiles,,,,,,
Ergebnisniveau,,,,,,
Sunzaun,,,,,,
Skilif,,,,,,
Gülzow,,,,,,
Waldzustandsbericht,,,,,,
Bargespräche,,,,,,
A8,,,,,,
Sau-Stausee,,,,,,
El Transistor,,,,,,
S2,,,,,,
Blankenfelde,,,,,,
Temporeduktion,,,,,,
Großraum London,,,,,,
Straßburg,,,,,,
Rissgeschehen,,,,,,
Südamerikas,,,,,,
Ammersee,,,,,,
Unterhachinger,,,,,,
Orangerie,,,,,,
Flachland Regen,,,,,,
Schnee-Hölle,,,,,,
Neumünster,,,,,,
Schlaatz,,,,,,
Weinbewertungen,,,,,,
Bezirk Pankow,,,,,,
Werder,,,,,,
Me…,,,,,,
Usbekistan,,,,,,
Sattel-Hochstuckli,,,,,,
Stonehenge,,,,,,
Hollabrunn,,,,,,
Perlacher Forst,,,,,,
Osnabrücker,,,,,,
Di,,,,,,
Pandemie-Pause,,,,,,
Dürre-Sommer,,,,,,
Gas-Konferenz,,,,,,
Blueeul,,,,,,
Velbert,,,,,,
Haus Stemberg,,,,,,
Landesverwaltungsamt,,,,,,
"(49-Euro-Ticket, ÖPNV",,,,,,
Trillerpfeifenlärm,,,,,,
Wetterlage im Ticker - Kräftiger Wind,,,,,,
LNG-Anlandeterminal,,,,,,
Dresdner Innenstadt,,,,,,
Cottbuser,,,,,,
Vorpommern,,,,,,
AG City,,,,,,
Nationalparks,,,,,,
Me,,,,,,
Berliner Schloss,,,,,,
Böhmische Schweiz,,,,,,
uuek,,,,,,
Seidlvilla,,,,,,
Land Bremen,,,,,,
italienische Regierung,,,,,,
Fe,,,,,,
Bundesaußenministerin,,,,,,
Keller,,,,,,
Tellerrand,,,,,,
Mas Andes,,,,,,
Freistaat Sturmböen,,,,,,
Nidda-Wallernhausen,,,,,,
Wetterau,,,,,,
Erneuerbaren-Branche,,,,,,
Dezember-Ausgaben,,,,,,
Remstal,,,,,,
Heimenkirch,,,,,,
Alp Tersol,,,,,,
Landkries Erding,,,,,,
Casamicciola,,,,,,
Golf von Neapel,,,,,,
Tiwi-Inseln,,,,,,
italienische Regierung am Sonntag,,,,,,
Erdrutsch,,,,,,
Schweizer Bergen,,,,,,
Gaspreisbremsen,,,,,,
Wohngelderhöhung,,,,,,
Langem,,,,,,
Franken,,,,,,
Straps-Rebellion,,,,,,
Smog,,,,,,
Großraum Barcelona,,,,,,
Gotteshäusern,,,,,,
Notübernachtungen,,,,,,
Weiße Bräuhaus,,,,,,
Italiens Regierung,,,,,,
Brandenburgs Wäldern,,,,,,
Rhein-Hunsrück-Kreis,,,,,,
Tulln,,,,,,
Landkreis Hersfeld-Rotenburg,,,,,,
Umweltbundesamt,,,,,,
Nestroyhof,,,,,,
Tausenden Wärmestuben,,,,,,
Schönes,,,,,,
Bundesinformationszentrum,,,,,,
Valle de Colchagua,,,,,,
Regierunggegen,,,,,,
Anatolien,,,,,,
Hacker-Attacken,,,,,,
Übermengen,,,,,,
Bahnhof Blankenfelde,,,,,,
Erschreckendes,,,,,,
Tau-Proteine,,,,,,
Gernsbach,,,,,,
Gas-Austritt,,,,,,
Landtag von Rheinland-Pfalz,,,,,,
Trois Vallées,,,,,,
Jupiter,,,,,,
Kreis Rastatt,,,,,,
Schiefergestein,,,,,,
Schwabing,,,,,,
Menschenrechtsverletzungen,,,,,,
Scheidplatz,,,,,,
Fracking-Methode,,,,,,
Wannsee,,,,,,
Bundesfinanzministerium,,,,,,
Franzosen,,,,,,
europäischen Minimalsatz,,,,,,
Pinakothek,,,,,,
Remaster-Titeln,,,,,,
Todesfahrer,,,,,,
DÃ¼rreregion,,,,,,
Tierschutzhof,,,,,,
Ganze Landstriche in,,,,,,
Haus &amp,,,,,,
Warme Würze,,,,,,
Glühwein-Saison,,,,,,
Salzburger,,,,,,
Bad Rodach,,,,,,
Coburg,,,,,,
Schlosses Wernigerode,,,,,,
Stift,,,,,,
Stötteritz,,,,,,
Schlagenhofen,,,,,,
schöntrinken,,,,,,
Zauberjagd-Gründer,,,,,,
Kaltenbach,,,,,,
Desinfektionsmittel,,,,,,
Grundversorgungs-Tarifen,,,,,,
Rathaus,,,,,,
vergan,,,,,,
Cloud-Gaming-Rückblick,,,,,,
Rotwein,,,,,,
Ne,,,,,,
Zoo Kiew,,,,,,
Balearen,,,,,,
Ureigene,,,,,,
Landkreis Bamberg,,,,,,
Freistaates,,,,,,
Neunundachtzig,,,,,,
Puch,,,,,,
Heide-Süd,,,,,,
Itz,,,,,,
St. Anton am Arlberg,,,,,,
Jobwechsler,,,,,,
Gas-Deal,,,,,,
US-Riese,,,,,,
Wedemark,,,,,,
Ostsee-Gaspipelines +++ NATO,,,,,,
Netzleitzentrale,,,,,,
Glögg,,,,,,
topt Glühwein,,,,,,
Le Coq,,,,,,
Humboldt-Forum,,,,,,
fehlerloser,,,,,,
Zehntausende,,,,,,
Heimstetten,,,,,,
Feldkirchen,,,,,,
Meribel,,,,,,
Messestadt-Ost,,,,,,
Kirchheims,,,,,,
Region Hannover,,,,,,
arabische Halbinsel,,,,,,
Dürre am Horn von Afrika,,,,,,
Städt,,,,,,
Kapstadt,,,,,,
Hopfenpflanzer,,,,,,
Oberfranken,,,,,,
Giesing,,,,,,
Schloss Blutenburg,,,,,,
Walker Bay,,,,,,
Heizungsalternativen,,,,,,
Bergenhusen,,,,,,
regnerisch,,,,,,
Padenstedt,,,,,,
Holzhausen,,,,,,
Mount Baker,,,,,,
Münchner Viktualienmarkt,,,,,,
bayerischen Alpen,,,,,,
Ostende,,,,,,
Tennengauer,,,,,,
Wenkheim,,,,,,
Hallein,,,,,,
Neusiedler Sees,,,,,,
New York s,,,,,,
Bitterfeld,,,,,,
Siemens-Mitarbeiter,,,,,,
Starnberger See,,,,,,
Feldafing,,,,,,
Koblenzer,,,,,,
Land Rheinland-Pfalz,,,,,,
Gallusviertel,,,,,,
Zeit,,,,,,
Nachri,,,,,,
Römische Reich,,,,,,
Scharen,,,,,,
Wa,,,,,,
Wirtshaus,,,,,,
Viktualienmarkt,,,,,,
Rhein-Niedrigwasser,,,,,,
Sommerrodelbahn,,,,,,
NiederÃ¶sterreich,,,,,,
Friedensfrage,,,,,,
Sch,,,,,,
Südeuropas,,,,,,
Habeck-Ressort,,,,,,
St. Georg,,,,,,
Museum für Kunst und Gewerbe,,,,,,
Textilreinigungen,,,,,,
Rennrodelbahn,,,,,,
Regensburg,,,,,,
Kiel,,,,,,
Vierer-Bob,,,,,,
Ã–sterreich,,,,,,
Lenggries,,,,,,
Weinbestand,,,,,,
Cem Özdemirs,,,,,,
Neustadt an der WeinstraÃŸe,,,,,,
Stadtwerke-Kunden,,,,,,
Ruins,,,,,,
Prinzregent Garten,,,,,,
Lebensmittelrettern,,,,,,
Kartons,,,,,,
Hamburg-Schnelsen,,,,,,
Kleine Grosz Museum,,,,,,
Temperaturstürze,,,,,,
Klimaschutzgründen,,,,,,
US-Wetterdienstes,,,,,,
Interkontinentalwaffen,,,,,,
Nordwest Syriens,,,,,,
Taumeln,,,,,,
Turnhalle,,,,,,
Steinstraße,,,,,,
Bundesstaat New York,,,,,,
US-Amerikaner,,,,,,
Khang,,,,,,
Gaspreisumlage,,,,,,
Landkreis Würzburg,,,,,,
Oregon,,,,,,
Terminkontrakt,,,,,,
Langzeittouristen,,,,,,
exklusiven Wein-Paket,,,,,,
Uganda,,,,,,
Rhodos,,,,,,
Lech-Drama,,,,,,
Lawinen-Experte,,,,,,
New York Bundeshilfe,,,,,,
klimagerecht,,,,,,
Landkreis Erie County,,,,,,
Corona-Schutzverordnungen,,,,,,
Neckar-Odenwaldkreis,,,,,,
Oberschefflenz,,,,,,
New York Bundeshilfen,,,,,,
Kälte,,,,,,
Mellach,,,,,,
Land schlägt Maskenpflicht-Ende,,,,,,
Erdgasleitung Nord Stream 2,,,,,,
Rote Meer,,,,,,
Tigray,,,,,,
Valencias,,,,,,
Rüsselsheim,,,,,,
Stadtwerken Krefeld,,,,,,
Zentralafrikanischen Republik,,,,,,
Ukraine-Pipelines,,,,,,
Sushi-Store,,,,,,
Rumänien,,,,,,
Weinstraße,,,,,,
Strahlender Sonnenschein,,,,,,
Vorpommern-Rügen,,,,,,
Landesregierungen,,,,,,
Neuschnee,,,,,,
Wolfsbarsch,,,,,,
Mittelgebirgen,,,,,,
Palma,,,,,,
Geringverdienende,,,,,,
Hinterzarten,,,,,,
Heizstoffe,,,,,,
Gesamtexporte,,,,,,
Planica,,,,,,
Tripolis,,,,,,
Libyen,,,,,,
Amt für Arbeitsschutz,,,,,,
Fichtelgebirge,,,,,,
Grün,,,,,,
Winter-Comeback,,,,,,
Downing Street,,,,,,
US-Bundesstaates,,,,,,
Maisach,,,,,,
Southern California,,,,,,
Lieferstopp,,,,,,
Windräder,,,,,,
ÖPNV Mitte,,,,,,
Mittelmeerinsel,,,,,,
BASF-Tochter Wintershall,,,,,,
Gasförderer,,,,,,
Worms,,,,,,
Berliner U-Bahnen,,,,,,
rÃ¤t,,,,,,
Landkreis Vorpommern-Greifswald,,,,,,
Niederösterreichs,,,,,,
Warnstreiks,,,,,,
Heizungsinstallateure,,,,,,
Rheins,,,,,,
Ban,,,,,,
Al-Sisi,,,,,,
Ägyptens,,,,,,
Brandenburger Landesregierung,,,,,,
Plauderlaune,,,,,,
Bozen,,,,,,
Gas-Riesen,,,,,,
Kunstzeche,,,,,,
Rinderbestand,,,,,,
Ruhr Museum,,,,,,
Werdohl,,,,,,
Sachsens Weinbergen,,,,,,
Branitzer Park,,,,,,
Öko-Weinbau,,,,,,
Bad Schandau,,,,,,
Hoppenstedt,,,,,,
Pipeline Nord Stream 1,,,,,,
Axamer,,,,,,
Bahn-Angaben,,,,,,
Ebersberger Forst,,,,,,
U2,,,,,,
Kaufhaus des Westens,,,,,,
Alb,,,,,,
Wetter-Chaos,,,,,,
Kreis Warendorf,,,,,,
Widerstandswille,,,,,,
Casa Safra,,,,,,
Nordseeküste,,,,,,
Stilnews,,,,,,
Ukrenerho,,,,,,
Gasspeicher-Füllstände,,,,,,
Halberstadt,,,,,,
Krüppelbirken,,,,,,
Klima-Sprit,,,,,,
Gemüsebauern,,,,,,
Leverkusen,,,,,,
Friedrich-List-Straße,,,,,,
Mietshauses,,,,,,
Milliardenspritze,,,,,,
Auto-Bahnen,,,,,,
Entsalzen,,,,,,
Unsplash,,,,,,
Landkreis Erding,,,,,,
Wunder von Wilhelmshaven,,,,,,
Autobahn 45,,,,,,
Fahrbahn,,,,,,
Schnee Berge,,,,,,
Klimawandel-Studie,,,,,,
Tierpark Hagenbeck,,,,,,
Kl,,,,,,
Platz bei Deutschlands Weinchampion,,,,,,
Innsbruck,,,,,,
Nordrhein-Westfalens,,,,,,
Jobverlusten,,,,,,
Adriaküste,,,,,,
US-Staat Kalifornien,,,,,,
Sierra Nevada,,,,,,
Regierungsplänen,,,,,,
Metsola,,,,,,
Bürgerentscheid,,,,,,
Kopenhagen,,,,,,
Walliser,,,,,,
Sechs Stunden Sonne,,,,,,
Schöneck,,,,,,
Oberwiesenthal,,,,,,
Akku-Sitzkissen,,,,,,
Schonach,,,,,,
Akku-Kissen,,,,,,
Öko-Bauern,,,,,,
Braunkohle-Kraftwerksblöcke,,,,,,
Nürnberger,,,,,,
Gassperrungen,,,,,,
Berlin-Friedrichshain,,,,,,
tuspoh,,,,,,
Fo,,,,,,
Büßerschnee,,,,,,
OÖ,,,,,,
Pankow,,,,,,
Staubteufel,,,,,,
Altglascontainern,,,,,,
Bundesrepublik bl…,,,,,,
Karnevals-Wochenende regneri… Sonnenschein,,,,,,
Landwirtschaftskammer Steiermark,,,,,,
Vierjahresmittel,,,,,,
H,,,,,,
Weinkontor Edenkoben,,,,,,
Berlin-Rosenthal,,,,,,
Lichtenberg,,,,,,
Alpenrand,,,,,,
Bundesstraße 262,,,,,,
Papierticket,,,,,,
Fa,,,,,,
Kenyas,,,,,,
Si,,,,,,
A45,,,,,,
Bahnhofsbesucher,,,,,,
Ahlen,,,,,,
Orlando Haus,,,,,,
Schaden,,,,,,
Veneto,,,,,,
Milchviehhof,,,,,,
Mecklenburgs,,,,,,
Vorpommerns,,,,,,
Trentino,,,,,,
Ornella,,,,,,
Pfistermühle,,,,,,
Platzl,,,,,,
Inn,,,,,,
Bezirk St. Pölten,,,,,,
Zamg,,,,,,
Patagoniens,,,,,,
Statistische Bundesamt,,,,,,
Hanse-,,,,,,
Schwätzle,,,,,,
Rezessionsängste,,,,,,
photothek,,,,,,
Königsheideweg,,,,,,
Schwerer Wintersturm,,,,,,
Minister Özdemir,,,,,,
Pixabay,,,,,,
San Biagio,,,,,,
Bunkerschiffen,,,,,,
Habeck,,,,,,
Verwaltungsgemeinschaft Glonn,,,,,,
La Solana,,,,,,
Unterschleißheims,,,,,,
Pop-Podcast,,,,,,
Ö3-Dabei,,,,,,
Midcat,,,,,,
(85,,,,,,
Fränkische Weinbauverband,,,,,,
Falkensee,,,,,,
Heizkellern,,,,,,
Windkraft-Meister!,,,,,,
Malta,,,,,,
Klimafreundliche Heiztechnologien,,,,,,
Öko-Diktatur,,,,,,
Urengoi-Pomary-Uschhorod,,,,,,
Parma,,,,,,
UVC-Luftsterilisation,,,,,,
Land Niedersachsen,,,,,,
Tschuwaschien,,,,,,
Ölheizung</li><li,,,,,,
Niger,,,,,,
Hangar 2,,,,,,
italienischen Alpen,,,,,,
Landesamt für Flüchtlingsangelegenheiten,,,,,,
Veröffentlichung,,,,,,
Prager Burg,,,,,,
Uniklinik +++ Schmuddelwetter,,,,,,
Westwindlage,,,,,,
Unwettern,,,,,,
Argentiniens,,,,,,
Eswe,,,,,,
Indust,,,,,,
Lombardei,,,,,,
Südirak,,,,,,
Zelthalle,,,,,,
Bautempo,,,,,,
Samstagsfahrplans,,,,,,
Wettbewerbshü,,,,,,
Gedächtniskirche,,,,,,
Notfallplänen,,,,,,
Rekorddürre,,,,,,
Westukraine,,,,,,
Sta,,,,,,
niederländische Regierung,,,,,,
Bodensee,,,,,,
Universität Pad,,,,,,
Wiener Netze,,,,,,
Bremens,,,,,,
Ortenaukreis,,,,,,
Gasfeld,,,,,,
Sri Lanka,,,,,,
Ökologische,,,,,,
Pellmann,,,,,,
Jarasch,,,,,,
Mykolajiw,,,,,,
Boston,,,,,,
Bahn-Sabotage,,,,,,
Alboran Hatchery,,,,,,
Private Pools,,,,,,
Nordspanien,,,,,,
Füllstands,,,,,,
Koalitionskrach,,,,,,
Narwa,,,,,,
Großen Donnerkogel,,,,,,
Wowtschansk,,,,,,
Baustelle für Gaspipeline,,,,,,
Scheppach,,,,,,
Bärenmarktes,,,,,,
Coins,,,,,,
S-Bahnhof Siemensstadt,,,,,,
Neuburg an der Donau,,,,,,
Neuburg-Schrobenhausen,,,,,,
Klimahölle,,,,,,
Ratgeber-Ticker,,,,,,
Buzzerbeater,,,,,,
Freien bei Hitzewellen,,,,,,
Stadtzürcher,,,,,,
Scharm el-Scheich,,,,,,
Sentix-Investmentbarometer,,,,,,
Erdgas-Händler,,,,,,
Vogelsterben in Europa,,,,,,
überzeugt</li><li,,,,,,
Scharm el Scheich,,,,,,
Bundeskartellamt,,,,,,
Planegger Straße,,,,,,
Notanker,,,,,,
Südens,,,,,,
Berliner Verwaltung,,,,,,
Händeringend,,,,,,
Notschlafplätze,,,,,,
Ukraine-Ankunftszentrum,,,,,,
Millionen-Schäden,,,,,,
Bräunlingen,,,,,,
Entscheiderpanel,,,,,,
LNG,,,,,,
Dänen,,,,,,
Brauneck-Bergbahn,,,,,,
Pyrénées-Orientales,,,,,,
Westeuropas,,,,,,
Teile Kiews,,,,,,
Landgericht München,,,,,,
Zimmer-Kumpel,,,,,,
Bayerischen Tourismustag,,,,,,
Fahrermangel,,,,,,
Gas-Kondensat,,,,,,
Gas</li><li,,,,,,
Emmering,,,,,,
Philadelphia,,,,,,
Inflationstreibern,,,,,,
Verfassungsgericht,,,,,,
Hörnli,,,,,,
Radebeuler,,,,,,
Milliardenhöhe,,,,,,
Lissabon,,,,,,
SEFE,,,,,,
Telefon,,,,,,
Kontinents,,,,,,
Graz,,,,,,
Hochhaus von der Ukraine,,,,,,
Exportboom,,,,,,
Neun-Euro-Tickets,,,,,,
Rheingau,,,,,,
Egal ob Rasenmähen,,,,,,
Mallertshofer Holz,,,,,,
Arosa,,,,,,
katastrophal,,,,,,
Extrem-Dürre,,,,,,
SPD-Politiker,,,,,,
Umschwenkens,,,,,,
Nordseeinsel,,,,,,
Nord-,,,,,,
Potsdamer Alleestraße,,,,,,
Dnipro,,,,,,
Saporischschja,,,,,,
Geislingen an der Steige,,,,,,
Grazer,,,,,,
Heizreport,,,,,,
Hawaiianischen Big Island,,,,,,
Mauna Loa,,,,,,
Schloss Wackerbarth,,,,,,
deutsch-österreichischen Grenze,,,,,,
Oberkappel,,,,,,
Landkreis Meißen,,,,,,
Preissteigeru,,,,,,
Gibraltar,,,,,,
ukrainischen Regierung,,,,,,
Alberta,,,,,,
Kanadas,,,,,,
Lieferkürzungen,,,,,,
Rapsanbau,,,,,,
Br,,,,,,
Zentralkanada,,,,,,
Gasmangel,,,,,,
El Ejido,,,,,,
Almeria,,,,,,
Bundesrechnungshof,,,,,,
Gas-Terminal,,,,,,
Energiekrieg,,,,,,
Ostseebad,,,,,,
Neuverschuldungen,,,,,,
Landesweites,,,,,,
Land Salzburg,,,,,,
Glemmtal,,,,,,
Krim,,,,,,
Elbsandsteingebirges,,,,,,
Provence,,,,,,
Nairobi,,,,,,
Benediktbeuern,,,,,,
Ukraine-Update,,,,,,
Skihänge,,,,,,
Europäischen Küsten,,,,,,
Deutsche Oper,,,,,,
Bundesamt für Bevölkerungsschutz,,,,,,
Wasserburger Straße,,,,,,
Landesamtes für Gesundheit und Lebensmittelsicherheit,,,,,,
Garzweiler,,,,,,
Ö,,,,,,
USA Tausende,,,,,,
Phoenix,,,,,,
Deutschlands Straßen,,,,,,
MÃ¼nchner,,,,,,
Grossbritannien,,,,,,
Sinopec,,,,,,
Entla,,,,,,
San Miguel,,,,,,
Eivissa,,,,,,
Grafinger,,,,,,
Schwarzen Meer,,,,,,
Eastmed-Pipeline,,,,,,
Habecks Heizungsgesetz,,,,,,
Agora,,,,,,
Baden in Not,,,,,,
Ostsee-Insel Bornholm,,,,,,
Wintermodus,,,,,,
Caritas-Kältetelefon,,,,,,
Corona-Schutzregeln,,,,,,
Erne,,,,,,
Wärmepumpen-Debatte,,,,,,
Putgarten,,,,,,
Kroatiens,,,,,,
Stu­den­t,,,,,,
Immobilienkonzerne,,,,,,
LGL,,,,,,
britischen Regierung,,,,,,
Russlands Einmarsch,,,,,,
Frieden,,,,,,
Konstanz,,,,,,
Sprötze,,,,,,
Europ,,,,,,
Nordstream-Sabotage,,,,,,
Tölzer Stadtklinik,,,,,,
Massive Stickstoffeinträge,,,,,,
Passauer,,,,,,
Landkreis Merzig-Wadern,,,,,,
Merzig-Wadern,,,,,,
Oberpullendorf,,,,,,
Gashahn,,,,,,
Kroschu,,,,,,
Energi,,,,,,
Rebblüte,,,,,,
Windkraft-Ausbau,,,,,,
Südbaden,,,,,,
Landes Berlin,,,,,,
Sächsischer Minister,,,,,,
Energielieferant Norwegen,,,,,,
Wirt­schafts­ver­tre­te­r,,,,,,
Mi­nis­ter­prä­si­den­t,,,,,,
De…,,,,,,
Norwegens,,,,,,
Tausenden Rast,,,,,,
Potsdam-Institut für Klimafolgenforschung,,,,,,
Kopernikus-Projekt Ariadne,,,,,,
Tankerstau,,,,,,
Windrädern an Land,,,,,,
Schäftlarn,,,,,,
Weinbestellungen,,,,,,
Trigema-Boss,,,,,,
spanischen Küste,,,,,,
Rapszucht,,,,,,
St. Petersburg,,,,,,
Doha,,,,,,
Gestiegene,,,,,,
Nationalpark Doñana,,,,,,
Stromspreisbremse,,,,,,
Metertiefe Krater,,,,,,
Nord Stream 1.,,,,,,
Formel-1-Rennen,,,,,,
Gas-Schock,,,,,,
österreichische Regierung,,,,,,
Deutschlandweit,,,,,,
SZ.de,,,,,,
Vogelbestand Europas,,,,,,
Heizungsumbau,,,,,,
Hofwoch,,,,,,
Zentralmassiv,,,,,,
Coucouron,,,,,,
Rodewisch,,,,,,
Großraum Montevideo,,,,,,
Klimafragen,,,,,,
Deutscjland,,,,,,
Gaspreis-Kommission,,,,,,
Montevideo,,,,,,
Briefporto,,,,,,
Nahverkerh,,,,,,
La Rioja,,,,,,
Gas-Pläne,,,,,,
Malchow,,,,,,
Windfänger,,,,,,
Nordafrikas,,,,,,
Schwarzheide,,,,,,
Bregenz,,,,,,
Colorado River,,,,,,
Westfrankreich,,,,,,
in­nen,,,,,,
Heizungsabschaltungen,,,,,,
Not,,,,,,
Flüssiggas-Tanks,,,,,,
Seeheimer Kreis,,,,,,
Tagebau Garzweiler,,,,,,
Winternotprogramms,,,,,,
Newport,,,,,,
Projektgegnern,,,,,,
Weintanker,,,,,,
Römer,,,,,,
Restaur,,,,,,
Sarajevo,,,,,,
Weltcup-Winter,,,,,,
Flughafen,,,,,,
Schnitzel,,,,,,
Gaskommission,,,,,,
Balkanroute,,,,,,
Land Brandenburg,,,,,,
Sankt Petersburger Wirtschaftsforum,,,,,,
Touristenregionen an der Adria,,,,,,
Emilia Romagna,,,,,,
Ebern,,,,,,
Landkreis Haßberge,,,,,,
Atom-,,,,,,
Hitze-Sommer,,,,,,
Kreis Vorpommern-Greifswald,,,,,,
Mutigen,,,,,,
Andalusien,,,,,,
Sorge,,,,,,
Wärmepumpen,,,,,,
Agrarland Mecklenburg-Vorpommern,,,,,,
Wassermangel am Gardasee,,,,,,
Ghana,,,,,,
Bayern-Bosse,,,,,,
Nepal,,,,,,
Land Mecklenburg-Vorpommern,,,,,,
Masi Bar,,,,,,
Landesstatistikamtes,,,,,,
Spendentelefon,,,,,,
Anschaffung.</li><li,,,,,,
Spandau,,,,,,
Groß Strömkendorf,,,,,,
Brennholzbestellungen,,,,,,
Rohstoffbedarfs,,,,,,
Probier-Paket,,,,,,
Pfälzer,,,,,,
Eisweinlese,,,,,,
Petersberger,,,,,,
Alpenhauptkammes,,,,,,
Insolvenz-Anträgen,,,,,,
Gasheizungsverbot,,,,,,
Lieferroute,,,,,,
Salzburgs,,,,,,
Regenwälder,,,,,,
Umplanen,,,,,,
Haus von Wirtschaftsminister Habeck,,,,,,
Bundesweit,,,,,,
Schweizer Gletscher,,,,,,
Swinemünde,,,,,,
Heizungs-Hersteller Viessmann,,,,,,
Remscheid,,,,,,
Stinkfrucht,,,,,,
Flughafens Tempelhof,,,,,,
Wintershall-Chef,,,,,,
Flüssiggasterminals,,,,,,
Unterseekabel,,,,,,
Bundeskabinetts,,,,,,
A9,,,,,,
Salzach,,,,,,
Güterzugunfall,,,,,,
Pazifik,,,,,,
Montafon,,,,,,
Stadtbahn-Systems,,,,,,
Druschba-Ölpipeline,,,,,,
Römerzeit,,,,,,
Gardena Wand-Schlauchbox RollUp L,,,,,,
Hummelhotline,,,,,,
Ueckermünde,,,,,,
IfBI,,,,,,
Lübs,,,,,,
LNG-Terminals Wilhelmshaven,,,,,,
Tr,,,,,,
Bad Dürkheim,,,,,,
Hainan,,,,,,
Catering-Firmen,,,,,,
Münchner Gericht,,,,,,
Nordfrankreich,,,,,,
Verdi,,,,,,
US-Bundesstaats New York,,,,,,
Jeep Mountain E-Bike,,,,,,
Waldperlach,,,,,,
Landwirtschaftsminister Totschnig,,,,,,
Putin,,,,,,
Salomonen,,,,,,
Gifhorn,,,,,,
IT.NRW,,,,,,
Trunkene,,,,,,
Ak­ti­v,,,,,,
Malans,,,,,,
Heizungstausch,,,,,,
Kreml-Sumpf,,,,,,
Handelsgerichts Wien,,,,,,
Kältebus-Bilanz,,,,,,
Graubünden,,,,,,
Tennengebirge,,,,,,
Schneepflug-Meisterschaft,,,,,,
Kartbahn-Halle,,,,,,
Weltunordnung,,,,,,
See,,,,,,
Rosato-Weinpaket,,,,,,
Küste Floridas,,,,,,
Rancho Cucamonga,,,,,,
Kilowattstunden,,,,,,
Welt-Umsegler,,,,,,
resilienter,,,,,,
Allgäu,,,,,,
Roßhaupten,,,,,,
Spri,,,,,,
Floridas,,,,,,
Produktions-Drosselungen,,,,,,
Soma Bay,,,,,,
Wildpinkeln,,,,,,
Cap,,,,,,
Graichens Abgang,,,,,,
Hurghada,,,,,,
Stadt Los Angeles,,,,,,
Photovoltaik-Produktion,,,,,,
Alpenanrainern,,,,,,
Roten Meer,,,,,,
Dürre in Nordafrika,,,,,,
Machbarkeiten,,,,,,
Ursac,,,,,,
Land aufges,,,,,,
Neuschneedecke,,,,,,
Trier,,,,,,
Frostereignisse,,,,,,
Purkersdorf,,,,,,
Klimawan,,,,,,
Sturm Minerva,,,,,,
Mittelmeerurlaub,,,,,,
Torfböden,,,,,,
Klima-Klage,,,,,,
Kamtschatka,,,,,,
Landgericht Detmold,,,,,,
Château Haut-Brion Library,,,,,,
Vorkriegsniveau,,,,,,
Château Haut-Brion,,,,,,
Riesenvulkan Schiwelutsch,,,,,,
Bob,,,,,,
Strom-Preisen,,,,,,
Anzeige*Noch,,,,,,
Onlineshop,,,,,,
deutsche Staat,,,,,,
Weine,,,,,,
Regierungsziele,,,,,,
Preisrekord,,,,,,
Weinanbaus,,,,,,
Roodeberg,,,,,,
Netto-Gutschein,,,,,,
Onlinesho,,,,,,
Flugzeug-Passagier,,,,,,
Martina Bay,,,,,,
Brexit,,,,,,
Jahrhundert-Dürre,,,,,,
Metropolen,,,,,,
Lastwagenfahrern,,,,,,
Marktrediwitz,,,,,,
th,,,,,,
San Diego,,,,,,
Ampel-Gesetzespläne,,,,,,
Euphrat,,,,,,
US-Bundesstaats Kalifornien,,,,,,
Zwickau  Merkur.de,,,,,,
Heizperiode,,,,,,
Eden,,,,,,
Doppelhaus am Hang,,,,,,
US,,,,,,
Dortustraße,,,,,,
Säbener Straße,,,,,,
Kohlenmonoxid-Alarm,,,,,,
Anschließ,,,,,,
Vermutete,,,,,,
Kartbahn,,,,,,
Schornsteinfegern,,,,,,
Oslo,,,,,,
Hauptst,,,,,,
Jemens,,,,,,
Hollywood,,,,,,
Wagenknecht-Schwarzer-Demo,,,,,,
Wintersportarena,,,,,,
Mittelmeerroute,,,,,,
Detmold,,,,,,
Ostwestfalen-Lippe,,,,,,
Pazifikküste,,,,,,
Palma de Mallorca,,,,,,
Devad Karahasans,,,,,,
Karl-Liebknecht-Straße,,,,,,
Frühlingssonne,,,,,,
April-Wetter,,,,,,
Straße Vogelweide,,,,,,
Vogelwei,,,,,,
Hartberg-Fürstenfeld,,,,,,
Veransta,,,,,,
Gondeln,,,,,,
Pitchdeck,,,,,,
Klimawandel-Extreme,,,,,,
Italy,,,,,,
Haus Windsor,,,,,,
Waughs Dakota,,,,,,
Ans,,,,,,
Insulin-Medikamente,,,,,,
Grünen-Politiker,,,,,,
Deu,,,,,,
ItaliensAn,,,,,,
DNA-Daten,,,,,,
Norditaliens,,,,,,
Mehrfach-Förderanträge,,,,,,
Linum,,,,,,
Jerusalem,,,,,,
We,,,,,,
Frankreic,,,,,,
Winte,,,,,,
Land Rover,,,,,,
Montblanc,,,,,,
Buckingham Palast,,,,,,
Mallorcas Bergen,,,,,,
Deutsc,,,,,,
Hallesc,,,,,,
Großwilfersdorf,,,,,,
Segel-Drama,,,,,,
Marken,,,,,,
benach,,,,,,
Blackrock,,,,,,
FDP-Chef,,,,,,
Aufr,,,,,,
Unpünktliche,,,,,,
Nord-Süd-Konflikt,,,,,,
Malizia-Seaexplorer,,,,,,
Diskussionen</li><li,,,,,,
Königs-Etappe,,,,,,
Cham,,,,,,
Grüne Indus,,,,,,
Südpolarmeer,,,,,,
Ocean Race,,,,,,
gt;&gt;iOS&lt;&lt;&lt;/div&gt,,,,,,
Weinkellnern des Landes,,,,,,
Ludwig-Erhard-Gipfel,,,,,,
Liga-Finale,,,,,,
Wachauer,,,,,,
Weinterrassen,,,,,,
Tarifverhandlungen,,,,,,
Voelkner.de,,,,,,
Wachau,,,,,,
Deutschland Atomstrom,,,,,,
Klimaversprechen,,,,,,
Ostseerat,,,,,,
Schlachtbe,,,,,,
Wohngeldreform,,,,,,
Mützeni,,,,,,
Merkur.de,,,,,,
Klimaschutzgr,,,,,,
Waisen,,,,,,
Osterbilanz,,,,,,
Öko-Weinen,,,,,,
Be,,,,,,
Welcome Center Potsdam,,,,,,
Wetterlage im Ticker - Winterliches Wetter,,,,,,
West… Weiße Skipisten,,,,,,
On-off-Modus,,,,,,
Twitter,,,,,,
Spitzenweingüter,,,,,,
Ausschließlic,,,,,,
Seoul,,,,,,
Verbrauche,,,,,,
Urlaubsparadiese,,,,,,
Sattar Khan,,,,,,
Chablis,,,,,,
Islamabad,,,,,,
Golf:,,,,,,
Saudiarabien,,,,,,
Welternährun,,,,,,
Jidda,,,,,,
Emmanue,,,,,,
Frankeich,,,,,,
Studie,,,,,,
Budapest,,,,,,
Lindauer Hütte,,,,,,
Golden State in Schneemassen,,,,,,
Golden State“,,,,,,
Bevölkerungsimplosion,,,,,,
Strandregionen,,,,,,
Genussmenschen,,,,,,
Leipziger Südvorstadt,,,,,,
Riccione,,,,,,
Big Ben,,,,,,
Gießener,,,,,,
Erschütte,,,,,,
Hanauer,,,,,,
Bad Kleinen,,,,,,
Polens Regierung,,,,,,
Chamonix,,,,,,
Kathe,,,,,,
Missbrauchskomplex Wermelskirchen,,,,,,
Idlib,,,,,,
Khawla,,,,,,
Erdbeben in Nordsyrien,,,,,,
Wintertief,,,,,,
Côte d´Azur,,,,,,
Mallorquiner,,,,,,
Küstenme,,,,,,
Departements,,,,,,
Meereises,,,,,,
Rekord-Minimum,,,,,,
Antarktika,,,,,,
Küstenmeer,,,,,,
Meereis,,,,,,
Antarktis,,,,,,
Land Rover Defender,,,,,,
dänischen Regierung,,,,,,
Krisenplan,,,,,,
Pyrénées Orientales,,,,,,
Tirols,,,,,,
Landeanflug Notausgang,,,,,,
Verbrau,,,,,,
Kljutschi,,,,,,
Berlin-Dresden,,,,,,
Lindenhof,,,,,,
Cognac,,,,,,
China-Comeback,,,,,,
Land sow,,,,,,
Blondie,,,,,,
Ressourcenhunger frisst Wälder,,,,,,
Landkreis Aschaffenburg,,,,,,
Elbhangfest,,,,,,
Schubladen,,,,,,
Putins Energiekrieg,,,,,,
Geflüchtetenunterkunft,,,,,,
Hauptbahnhofs,,,,,,
NurPhoto/imago Indonesien,,,,,,
Gestiegenn,,,,,,
Karlstein,,,,,,
Spargelmarkt,,,,,,
Feuersaison,,,,,,
Asiamarkt,,,,,,
Pub-Schließungen,,,,,,
Homeoffice am Mittelmeer,,,,,,
Statistische Bundesa,,,,,,
Amt für Statistik Berlin-Brandenburg… Potsdam,,,,,,
pepp,,,,,,
Pleplvelhe,,,,,,
Beklleu,,,,,,
Puuueuentaeua,,,,,,
Wunsiedel,,,,,,
Kachowka,,,,,,
Karlstein am Main,,,,,,
peaeauel,,,,,,
Investitionshilfen,,,,,,
UNO-Bildungsfonds,,,,,,
Neue Regierung,,,,,,
Energiepreissteigerungen abzupuffern,,,,,,
Karsto,,,,,,
Bodenressourcen,,,,,,
Provinz Santa F,,,,,,
Stellinger Moor,,,,,,
Prignitz,,,,,,
Reflexionsfolien,,,,,,
Wilmersdorf,,,,,,
Fensternähe,,,,,,
Un­sichtbare,,,,,,
Detmolder Straße,,,,,,
RLP,,,,,,
Blissestraße,,,,,,
ARD</em>-Interview,,,,,,
Porsche-Börsengang,,,,,,
BRD,,,,,,
Misthaufen,,,,,,
Olympia-Einkaufszentrum,,,,,,
Dramatische Stunden für Bewohner und Retter,,,,,,
Pfahlbohrer,,,,,,
Geh,,,,,,
Juniorchefin,,,,,,
Heiz-Alarm,,,,,,
Chateau Edemus,,,,,,
Landwirschafts-Simulator,,,,,,
Bergbauaushub,,,,,,
Energie-Leitungen,,,,,,
Staudamm-Zerstörung,,,,,,
Thyen,,,,,,
Reichweitentest,,,,,,
Wälder im Taunus,,,,,,
kommt</li><li,,,,,,
Electronic-Jazz,,,,,,
südamerikanische Staat,,,,,,
müssen</li><li,,,,,,
Heimenkirch Heimenkirch,,,,,,
Netzagentur-Chef Müller,,,,,,
Deutschland</li><li,,,,,,
Modellierun,,,,,,
Marktüberwa,,,,,,
Alt Simmering,,,,,,
Rossau,,,,,,
Wiener Wärmestuben,,,,,,
Fernleitungsnetz,,,,,,
Hessen-Forst,,,,,,
Tesla,,,,,,
Häher,,,,,,
Energie-Dashboard des Klimaministeriums,,,,,,
Wind-to-Hydrogen,,,,,,
Bomben-Angst,,,,,,
Dorf-Bank,,,,,,
Jahreshälf,,,,,,
Parla,,,,,,
Königreich Hatti,,,,,,
Nasdaq,,,,,,
Familien-Weingut Espenhof,,,,,,
Dow-Jones-Ind,,,,,,
Südoststeiermark,,,,,,
Espenhof,,,,,,
Riesenakkus,,,,,,
Studierenden-Pauschale,,,,,,
Dürreereignisse,,,,,,
Hochwasserlagen,,,,,,
Italiens.</li><li,,,,,,
Maxus,,,,,,
Weinabsatz,,,,,,
Mome,,,,,,
Spargelsaison,,,,,,
Wärmewe,,,,,,
Mouton,,,,,,
Latour,,,,,,
Bordeaux-Wein,,,,,,
Tauschpflicht,,,,,,
Saint-Émilion,,,,,,
Weinsektor,,,,,,
Fracking-Deabtte,,,,,,
Hamakon,,,,,,
Nachbarin,,,,,,
britischen Insel,,,,,,
Wadern,,,,,,
Storchen-Paar,,,,,,
Kahramanmaras,,,,,,
Erdbeben-Gebiet,,,,,,
bayer,,,,,,
Konsummilchmenge,,,,,,
Miara,,,,,,
Roh,,,,,,
Münder,,,,,,
Kachowka-Stausee,,,,,,
Wärmepumpen-Plan,,,,,,
VW-interne,,,,,,
Braun-,,,,,,
Salzwasser,,,,,,
Lichtigfeld-Schule,,,,,,
Ten Hag,,,,,,
Klubrekord,,,,,,
Kantabrien,,,,,,
Asturien,,,,,,
Venedigs Gondeln,,,,,,
Old Trafford,,,,,,
irische Regierung,,,,,,
Waldbrandgefahr,,,,,,
Lago Maggiore,,,,,,
Mainz-Kastel,,,,,,
Frankfurter Messe,,,,,,
Gasspeicherstand,,,,,,
Reservebetrieb,,,,,,
Norddeutschland,,,,,,
Aschheim,,,,,,
Jüdischen Gemeinde,,,,,,
Stühle,,,,,,
Weizenf,,,,,,
E-Autos,,,,,,
Alarm am Gardasee,,,,,,
Sonderhaushalt,,,,,,
Baden im Rhein,,,,,,
Harzer Schmalspurbahn,,,,,,
Harzer Schmalspurbahnen,,,,,,
Durchhalteparole,,,,,,
Lo,,,,,,
Diözese Graz-Seckau,,,,,,
Amsterdam,,,,,,
Zentralanstalt für Meteorologie und Geodynamik ZAMG,,,,,,
Westfriesischen Inseln,,,,,,
ei…,,,,,,
Globus,,,,,,
Abruzzen,,,,,,
Apuli,,,,,,
Trump,,,,,,
Peking,,,,,,
Berliner Regierung,,,,,,
Badeurlaubern,,,,,,
Riesige Gasquelle,,,,,,
erfol,,,,,,
New World,,,,,,
Butscha,,,,,,
Wettervorhersage: Saharastaub,,,,,,
Wineyhouse!,,,,,,
US-,,,,,,
Ahoi Pirates!,,,,,,
Oberbayern,,,,,,
Kalter Wind,,,,,,
Südbrandenburg,,,,,,
Alarmierender Wassermangel,,,,,,
Wettermix,,,,,,
dmbttµ#bsujdmf``mpdbujpo#?Tuvuuhbsu0Cfsmjo/'octq´=0tqbo,,,,,,
Städtebund,,,,,,
Statistische Bu,,,,,,
Balzsaison,,,,,,
Rotkehlchen,,,,,,
Bidens Lichtshow,,,,,,
Ifo-Ökonomin,,,,,,
Neuartiger Straßenbelag,,,,,,
Pferdeäpfeln,,,,,,
GaszählerIn,,,,,,
Anne-Will-Talkshow,,,,,,
Paraguay,,,,,,
Suertes del Marqués El Chibirique 2018,,,,,,
San Mig,,,,,,
Wieselburg,,,,,,
Bezirk Scheibbs,,,,,,
Klimabeobachtungsd,,,,,,
Giesinger Autobahn,,,,,,
Haus & Grund Deutschla,,,,,,
Landwirtscha,,,,,,
Energierechnungen,,,,,,
Rheinhessens,,,,,,
Wein-Paket,,,,,,
Notplan,,,,,,
Bolivien,,,,,,
Ladenmarkise,,,,,,
Händlern,,,,,,
Schwimmbäder,,,,,,
Lavanttal,,,,,,
Amazoniens,,,,,,
Eigentümer-Sorgen,,,,,,
za…,,,,,,
Missstimmungen,,,,,,
Regnerisch,,,,,,
Ampel-Desaster,,,,,,
lÃ¶st,,,,,,
Galileischen Monden,,,,,,
Urzeitriesen,,,,,,
Hausbrand,,,,,,
Minus-Temperaturen,,,,,,
Château Grand Moulin Cuvée,,,,,,
Suertes del Marqués El Chib,,,,,,
Grazer Messe,,,,,,
Bauernbundballs,,,,,,
Primorje,,,,,,
Korea,,,,,,
Wärme-Pläne,,,,,,
Austausch-Alter,,,,,,
Heizungsdebatte,,,,,,
Steuerregeln,,,,,,
Offshore-Branche,,,,,,
Kohleanlagen,,,,,,
Institute,,,,,,
Kolumbien,,,,,,
22.02.2022.,,,,,,
Meuselwitz,,,,,,
Deutsche Herren-Staffel,,,,,,
Homeplanet Hostel,,,,,,
Allianz-Arena,,,,,,
Biathlon-Fest,,,,,,
Helsinki,,,,,,
Sparkassentag,,,,,,
Tauernautobahn,,,,,,
Ta,,,,,,
Archäologische Museum,,,,,,
lu lepel Bealuu,,,,,,
Ppel,,,,,,
Salihamidžić,,,,,,
Gas-Bonus,,,,,,
Pont de la Morge,,,,,,
Fin Bec,,,,,,
Bönitz,,,,,,
WestfÃ¤lischen StraÃŸe,,,,,,
Spekulation,,,,,,
Gelbwesten-Demonstration,,,,,,
Hamburg-Harburg,,,,,,
Ekoniva,,,,,,
Diens,,,,,,
Potsdams,,,,,,
Survival-Outdoorjacke,,,,,,
Heizungstausch-Pläne,,,,,,
Zuk,,,,,,
Rekorde,,,,,,
Panama,,,,,,
Großheubach,,,,,,
Fachkräfte-Irrsinn,,,,,,
Montagabe,,,,,,
Karibik,,,,,,
Spanier,,,,,,
Portowaja,,,,,,
Spo,,,,,,
Raps,,,,,,
Alpkopf,,,,,,
Dornbirn-Ebnit,,,,,,
Kanincheninsel,,,,,,
Ebnit,,,,,,
Schneelage,,,,,,
Bogboh Nås{ opdi wfslýoefu,,,,,,
Hbtwfstpshfs=0tuspoh,,,,,,
Hbtbh=0tuspoh,,,,,,
Alten Land,,,,,,
Hamburger Hauptbahnhof,,,,,,
Grüppc,,,,,,
Tdipdl gýs wjfmf Lvoefo,,,,,,
Sau-Stausees,,,,,,
Kaluga,,,,,,
Bertolli,,,,,,
Safe Place,,,,,,
Teheran,,,,,,
Warm,,,,,,
deutschen Bahnnetzes,,,,,,
Hitzerekord-Sommer,,,,,,
Kell,,,,,,
Pariskurs,,,,,,
Ostersaison,,,,,,
Dampfschacht,,,,,,
Ring Center,,,,,,
Nachts,,,,,,
New York City,,,,,,
Ring-Center,,,,,,
Mittelmeerraums,,,,,,
Übernachtungshalle,,,,,,
Weges,,,,,,
Waldbrände,,,,,,
Hitzetote,,,,,,
Kreis Ludwigsburg,,,,,,
Programm,,,,,,
Dürre Urlaubsaussichten,,,,,,
Arnsberger Wald,,,,,,
Talkshows,,,,,,
US-Jobmarkt,,,,,,
Plastikfolie,,,,,,
Obsthofs Geibel,,,,,,
S-Bahnlinie,,,,,,
Klein-Zimmern,,,,,,
Teltow-Fleming,,,,,,
Landwirtschaftsbetr,,,,,,
Syke,,,,,,
Arti,,,,,,
Antisemitismus-Vorwürfe,,,,,,
Landkreis Mayen-Koblenz,,,,,,
Mendig,,,,,,
B262,,,,,,
Rapspreis,,,,,,
Kurhaus-Foyer,,,,,,
Herkunftsland,,,,,,
Antisemitismus-Vorwürfen,,,,,,
EcoPulse-Spritze,,,,,,
Mehrwegflasche,,,,,,
Gebäudeenergieges,,,,,,
Bierflaschen,,,,,,
Tarvis,,,,,,
Wintersportangebot,,,,,,
Skigebiete,,,,,,
Dschidda,,,,,,
Gartens,,,,,,
Unleistbar,,,,,,
denkb,,,,,,
Heizungsbranche,,,,,,
Nahe,,,,,,
Olivenbäume in Gefahr,,,,,,
Eigentümerv,,,,,,
Bergluft,,,,,,
Sierra-Gebirges,,,,,,
Süsswassersee,,,,,,
Flü,,,,,,
Mis,,,,,,
Heizungsumtausch,,,,,,
Pol,,,,,,
Osteifel,,,,,,
Steil,,,,,,
Provinz,,,,,,
Vorberg,,,,,,
Etschtal,,,,,,
Andrian,,,,,,
Terlan,,,,,,
Pfandrückgabe,,,,,,
Spitzenweingut Müller,,,,,,
Kla,,,,,,
Pictures,,,,,,
Kalt,,,,,,
Süße Kälte,,,,,,
Gadebusch,,,,,,
Kammeruml,,,,,,
Stausee Siurana,,,,,,
Hefnersplatz,,,,,,
B 262,,,,,,
Öffentlicher PflanzenNahVerzehr,,,,,,
City,,,,,,
Verschwörungsfragen,,,,,,
Bad Homburg,,,,,,
Notlagen,,,,,,
Zentralrau,,,,,,
Oberösterreichs,,,,,,
Australiens,,,,,,
Eiffelturm,,,,,,
Zehlendorfer Mühlenstraße,,,,,,
Berliner Wasserbetrieben,,,,,,
Zehlendorf,,,,,,
Pr,,,,,,
Schäfer/Ecke Walther-Straße,,,,,,
F.A.Z.-Newsletter,,,,,,
Draußen,,,,,,
Flüssiggas,,,,,,
Schwimmende,,,,,,
Ampel-Beschlüssen,,,,,,
Schwitz,,,,,,
Abi-Party,,,,,,
St. Peter,,,,,,
Nidla,,,,,,
Anruferinnen,,,,,,
Irre,,,,,,
Spargelernte,,,,,,
Stau,,,,,,
Deutsche-Bahn-App,,,,,,
Rheingau-Taunus,,,,,,
Umweltprotestaktion,,,,,,
Erdgas,,,,,,
Horner Rennbahn,,,,,,
sündha,,,,,,
Halle (Saale,,,,,,
Rotterdam,,,,,,
Plötzlicher,,,,,,
Schwedens,,,,,,
Italienern,,,,,,
Hydrogel Polyter,,,,,,
Smarte Garten,,,,,,
Gotland,,,,,,
Lauterbachs Steuergeld-Segen,,,,,,
Schauer,,,,,,
Statistische Bundesamt am Mont,,,,,,
Versorgungsinseln,,,,,,
Bremer Metropol-Musicaltheater,,,,,,
Lac de Montbel,,,,,,
Alkohol-Problem,,,,,,
Villingen-Schwenningen,,,,,,
Familien-Weingut,,,,,,
Weißwein-Ikonen,,,,,,
Deutschlandticket-App,,,,,,
Klimablog,,,,,,
Wandelnde Kompostautomaten,,,,,,
Fichtelberg Schwebebahn,,,,,,
Blaubeersträucher,,,,,,
Abu Dh,,,,,,
Grönländischer Eisschild,,,,,,
Aita,,,,,,
nitistä,,,,,,
kirskua,,,,,,
narskua,,,,,,
nirskua,,,,,,
Verkehrs-Alternativen,,,,,,
Petersberger Klimadialogs,,,,,,
Savines-le-Lac,,,,,,
Türken,,,,,,
Molck,,,,,,
Unfallserie,,,,,,
Bundestaat,,,,,,
Sturmfront,,,,,,
teurer</li><li,,,,,,
Petersburger,,,,,,
Dresdens,,,,,,
U4,,,,,,
FOCUS-online-Korresponden… Robert Habecks,,,,,,
Hansestadt Bremen,,,,,,
Verarmungsprogramm,,,,,,
Sachg,,,,,,
Ausbauvorgabe,,,,,,
Kompromissvorlage,,,,,,
Wärmepumpen-Offensive,,,,,,
New Yorker U-Bahn,,,,,,
Autobahnausbaus,,,,,,
unbeheizt,,,,,,
Abkochgebot,,,,,,
Weinboerse,,,,,,
Betriebsverbot,,,,,,
Hitze-Rekorde,,,,,,
Stromausf,,,,,,
Fabrikschließungen,,,,,,
Großraumtaxis,,,,,,
Milliardenschwere,,,,,,
Lichtenrader Dorfteich,,,,,,
Marille,,,,,,
Wän,,,,,,
Clinq,,,,,,
São Paulo,,,,,,
Waters,,,,,,
Corona-Aufbaufonds,,,,,,
Berliner Verkehrsbetriebe,,,,,,
Heerstraße,,,,,,
IEA,,,,,,
Nordkalifornien,,,,,,
Zinsschock am Immobilienmarkt,,,,,,
Gasangebot +++,,,,,,
Rest-Milliarden,,,,,,
Irrwitzig,,,,,,
Büchergilde,,,,,,
Schöppinger Straße,,,,,,
Puerta del Sol,,,,,,
Alzey-Worms,,,,,,
infolg,,,,,,
Extremdürre,,,,,,
amerika,,,,,,
Isola di San Biagio,,,,,,
Gardasees,,,,,,
Ernteausfä,,,,,,
Schneeschaue…,,,,,,
Gas-Notfälle,,,,,,
Tief,,,,,,
Ravenna,,,,,,
Wetterlage im Ticker - Hochwasser,,,,,,
Bayerns am Sonntag,,,,,,
Winterverlauf,,,,,,
Stocke,,,,,,
Wellness-Einrichtungen,,,,,,
U-Bahn-Fahrgäste,,,,,,
Alsterfontäne,,,,,,
Apfelblüte,,,,,,
Kreis Paderborn,,,,,,
Ticker,,,,,,
Münzberg,,,,,,
Heizungsdilemma,,,,,,
Sellin,,,,,,
Valencia,,,,,,
Heizungstausch-Hilfen,,,,,,
Gady,,,,,,
St… Gestern,,,,,,
Schwarzwald-Baar-Kreis,,,,,,
Komplementärmodus,,,,,,
SPD-Gen,,,,,,
Mündungsgebiete,,,,,,
Risikofonds,,,,,,
Flussdeltas,,,,,,
Unt,,,,,,
Thursda,,,,,,
Millionenhöhe,,,,,,
Björ,,,,,,
Thailand,,,,,,
Khartum,,,,,,
Regionale Gasve,,,,,,
Nordbayern,,,,,,
Schwarzwald-Hotel,,,,,,
Bezirk Treptow-Köpenick,,,,,,
Verschmu,,,,,,
Public Domain,,,,,,
Altach,,,,,,
Treptow-Köpenick,,,,,,
Energiepreis-Schock,,,,,,
Ismaning,,,,,,
Tanken,,,,,,
Kraft,,,,,,
Park Sanssouci,,,,,,
InnoWasPo,,,,,,
Heizungstyp,,,,,,
Landesanstalt für Wein- und Ga,,,,,,
Lebensmittel,,,,,,
Voransch,,,,,,
Haus Hermes,,,,,,
Hohenbrunn,,,,,,
Grasbrunn,,,,,,
Landwirtschaftssubventionen,,,,,,
Köln-Ossendorf,,,,,,
Dein-Deutschlandticket,,,,,,
CEO of the Abilene Region,,,,,,
Nord-Stream-Sprengungen,,,,,,
Stream-Projekt,,,,,,
Donaustadt,,,,,,
Merschl,,,,,,
Osthafen,,,,,,
Landkreis Heilbronn,,,,,,
OlafRostock,,,,,,
Feldhasen-Bestand,,,,,,
Kalifornier,,,,,,
Satellitenmonitoring,,,,,,
KalifornienIn,,,,,,
Weltleitmesse,,,,,,
Ausbaden,,,,,,
Tarif-Wechsel,,,,,,
Hobbytaucher,,,,,,
Nord Stream-Pipeline,,,,,,
Essen in,,,,,,
Russland Deutschland,,,,,,
dänischen Küste,,,,,,
Landwirtschaftsbetriebs,,,,,,
Nord Stream“-Gaspipelines,,,,,,
Tagesvorschau,,,,,,
Bundeswirtschaftsministeriums,,,,,,
Landkreis München - SZ.de,,,,,,
Aluminiumgießerei Röders,,,,,,
Wassereinschränkungen,,,,,,
Sommerdürre,,,,,,
Haus-Explosion,,,,,,
Nord-Stream-Gaspipelines,,,,,,
Wunderlösung Wasserstoff,,,,,,
Reichsgetreidestelle,,,,,,
Preisregulierungen,,,,,,
Borssele,,,,,,
Kanton Bern,,,,,,
Germany,,,,,,
Uruguays,,,,,,
Gastroverband,,,,,,
Nato-Oberbefehlshaber,,,,,,
Lahn-Dill-Kreis,,,,,,
Meitze,,,,,,
exklusâ€¦ Spanien,,,,,,
Ãœberzeugen,,,,,,
Baumwollpreis,,,,,,
Cybersecurity-Aktien,,,,,,
Halensee,,,,,,
Wassermangel,,,,,,
Bahnunglücke,,,,,,
Hecke,,,,,,
Folge</li><li,,,,,,
ğŸ�� Entdeckt,,,,,,
Vogtland,,,,,,
Mieterfalle,,,,,,
Spitzen-Grünen,,,,,,
US-Ölgiganten,,,,,,
Schwerge,,,,,,
Kälte-Kammer,,,,,,
Inselglück,,,,,,
schaffen</li><li,,,,,,
Gegrapsche,,,,,,
Gegrapsche ...,,,,,,
Erdbeerfeldern,,,,,,
Nationalpar,,,,,,
Euroâ€,,,,,,
Matthiae-Mahl,,,,,,
Kolosseum,,,,,,
Erster Hannover-Wein,,,,,,
Erdbeben in Nordwestsyrien,,,,,,
Jahresverbrauchs,,,,,,
Doñana-Nationalpark,,,,,,
Egmond aan Zee f,,,,,,
Abschlagsfrust,,,,,,
Wetterlage im Ticker - Starkregen,,,,,,
Rothenditmold,,,,,,
Knappes,,,,,,
Wolfhager Straße,,,,,,
Nord Stream-Pipelines,,,,,,
El Rocio,,,,,,
Frühjahrsmorgen,,,,,,
St. Maria,,,,,,
Osterproduktion,,,,,,
Nordpol,,,,,,
Kittsee,,,,,,
Industriestaaten,,,,,,
Senftenberg,,,,,,
Himm,,,,,,
Heizungstausch-Pflicht,,,,,,
Erdbeer-Anbau,,,,,,
Gartenbauverban,,,,,,
Montpellier,,,,,,
Druckabfall,,,,,,
Fahrer-Protesten,,,,,,
Aspen,,,,,,
Verstädteru,,,,,,
Ski Alpin,,,,,,
Geheimdienst-Kontrollgremium,,,,,,
Kremlherrscher Putin,,,,,,
Bezirk Hollabrunn,,,,,,
Potsdamer Hauptbahnhofes,,,,,,
Berliner Feministen-Szene,,,,,,
Irre Dürre,,,,,,
tei…,,,,,,
Saar,,,,,,
Höchstwert,,,,,,
Landesbetrieb Straßen,,,,,,
Pipeline-Erdgas,,,,,,
Kanaren,,,,,,
Last-Minute-Schnäppchen,,,,,,
Online-Abo,,,,,,
St. Gallischen Calfeisental,,,,,,
Stausee Gigerwald,,,,,,
Restwassermengen,,,,,,
Verheerende,,,,,,
Adria,,,,,,
Entsalzungsanlagen,,,,,,
Tamaulipas,,,,,,
Grönlands Eis,,,,,,
Schiappa,,,,,,
Infinity-Pool,,,,,,
Umwe,,,,,,
Rooftop Spa,,,,,,
Eichhörnchenbabys,,,,,,
Landeshauptstadt Wiesbaden,,,,,,
Rekord-Überschwemmungen,,,,,,
Dauer-Notstand,,,,,,
Boutique Apartment,,,,,,
Kürz­lich,,,,,,
Hessisc,,,,,,
Sowjetrepublik Moldau,,,,,,
kei…,,,,,,
Erlangen,,,,,,
Landesamt für Denkmalpflege und Archäologie Sachsen-Anhalt,,,,,,
Heizungsverkäufen,,,,,,
Wärmeerzeuger-Markt,,,,,,
Cehan San,,,,,,
Opferschacht,,,,,,
Extremer Wassermangel,,,,,,
Deutschland +++,,,,,,
Hochgebirg,,,,,,
Erdöl-Riesen,,,,,,
Upstream-Prozess,,,,,,
Freudenberg,,,,,,
Windparks auf See,,,,,,
Frühlings-Rabatte,,,,,,
Energiepreisebremse,,,,,,
Rum,,,,,,
Herr_EN Manfred,,,,,,
Klettersteiggeher,,,,,,
GasheizungBestehende,,,,,,
Hudtwalckerstraße,,,,,,
Ampel-Beziehungsstatus,,,,,,
Hamburger U1,,,,,,
Buenos Aires,,,,,,
Alarmmodus,,,,,,
Energetisch Sanieren,,,,,,
Marketing-Vorstand,,,,,,
Atomkraft-Reserve,,,,,,
Trinkwasserversorgun,,,,,,
niederländische Staat,,,,,,
ver­gan­genen,,,,,,
Westend61 Salzwedel Sachsen-Anhalt,,,,,,
Heilbronn,,,,,,
Kieferzweige,,,,,,
Viehbetriebe,,,,,,
Kartoffeln,,,,,,
Stadtpark,,,,,,
Nächstes Tief,,,,,,
Österreicherinnen,,,,,,
Gelsenkirchen,,,,,,
Spazierweg,,,,,,
Kernkr,,,,,,
Kernkraftwerkspark,,,,,,
Zuger Tal,,,,,,
Hobby-Epidemiologen,,,,,,
Dürre-Hölle da!,,,,,,
Zucker,,,,,,
Efs Cfsmjofs Tfobu,,,,,,
Monoblock- und Split-Bauweise,,,,,,
Zwangssanierung,,,,,,
Energiesicherungsgesetzes,,,,,,
Berlinern,,,,,,
Minister Habeck,,,,,,
Rechtskolumne,,,,,,
Alter Flughafen Tegel,,,,,,
Europas Reiskammer,,,,,,
Italiens Po-Ebene,,,,,,
Kiedrich,,,,,,
Waldviertel,,,,,,
Rhein-Main-Gebiets,,,,,,
Starkregen Wasser,,,,,,
Grübern,,,,,,
cjt {v 3111 Fvsp {v voufstuýu{fo,,,,,,
Öko-Anteil,,,,,,
Bar­ce­lona,,,,,,
Münchener Flughafen,,,,,,
Borkenkäferplage,,,,,,
Schockr,,,,,,
Trocken,,,,,,
Camp Nou,,,,,,
Grundwasserreserven,,,,,,
Milchviehwirtschaft-Akzeptanz,,,,,,
Dauerdürre,,,,,,
FaenzaIn,,,,,,
Tierwohl,,,,,,
ZUMA,,,,,,
Widerstand,,,,,,
Bergischen Land,,,,,,
Wirbelsturm,,,,,,
Gas-Engpass,,,,,,
R,,,,,,
Rad-Rentners,,,,,,
Schlosspark Babelsberg,,,,,,
Dürre und Hitzesommern,,,,,,
Flutkatastrophe im Ahrtal,,,,,,
Baden-Württemberger,,,,,,
Verkehrs-Streiks,,,,,,
Hetzaktion,,,,,,
Spaniens Regierung,,,,,,
Wohnungslosenheim,,,,,,
Gas-Pipeline Nord Stream 2,,,,,,
zerfasern,,,,,,
Rosé,,,,,,
US-Bundes,,,,,,
Ochsenburg,,,,,,
Myanmar,,,,,,
Njovthsbef jo Cfsmjot Oådiufo,,,,,,
Lokalrunde,,,,,,
Anspruchsbere…,,,,,,
US-Bundesstaat New York,,,,,,
Landkreises Erie County,,,,,,
Schneef,,,,,,
Gartenarbeit,,,,,,
Greiz,,,,,,
Brancheneinblicke,,,,,,
Neun,,,,,,
Nbm {vsýdl obdi Cfsmjo,,,,,,
Opwfncfs,,,,,,
Deutschlands Gasspeichern,,,,,,
Ang,,,,,,
Tücken,,,,,,
Bundesamtes für Bevölkerungsschutz und Katastrophenhilfe,,,,,,
Vietnam,,,,,,
Japanern,,,,,,
Tokio,,,,,,
Kernkraftwerk Fukushima Daiichi,,,,,,
Elbtal,,,,,,
Kreis Göppingen,,,,,,
Rothenburg,,,,,,
Ö1-Mittagsjournal,,,,,,
Landgericht,,,,,,
Witterungsverläufe,,,,,,
ei… Frankreich,,,,,,
El Niño-Ereignissen,,,,,,
Topverdienern,,,,,,
Niedriglohnkommission,,,,,,
Nordirland,,,,,,
Braun­kohletagebaus Gar,,,,,,
Live-Bericht,,,,,,
nördli,,,,,,
Statistische Bundesamt am Donnerstag,,,,,,
Telefon-Aktion,,,,,,
Güterzug-Kollision,,,,,,
Energiekosten-Explosion,,,,,,
Explosio,,,,,,
Aargau,,,,,,
Warm-,,,,,,
Gasspeicher-Betreiber,,,,,,
LNG-Importen,,,,,,
Wackerbarth,,,,,,
Gaspreis-Explosion,,,,,,
Saale-Unstrut-Gebiet,,,,,,
Dom,,,,,,
Fracking-Problem,,,,,,
Leere,,,,,,
Rumäninen,,,,,,
Ostsee-Gaspipelin,,,,,,
Bertelsmann-Konzern,,,,,,
Milliardenschwerer,,,,,,
Wendelstein,,,,,,
Erzdiözese heuer für Energie,,,,,,
Monumentalbauwerk,,,,,,
Skandal-Satz,,,,,,
"183,2.",,,,,,
Ölpipeline Druschba,,,,,,
Produktionsdrosselung,,,,,,
Gas-Abfackeln,,,,,,
Unternehmensquellen,,,,,,
Flutkatastrophe vom Sommer,,,,,,
Krowelstraße,,,,,,
(33) das Licht der Welt,,,,,,
Zugunfall,,,,,,
Beaune,,,,,,
Preisdecke,,,,,,
Heizschüsseln,,,,,,
Chinarak,,,,,,
Provinz Baghlan,,,,,,
Tarifregeln,,,,,,
Der Schweiz,,,,,,
Kerntechnikanlagen,,,,,,
Corona-Zahlen,,,,,,
A71.,,,,,,
Alternativen,,,,,,
Gasheizern,,,,,,
Bockbierwürze,,,,,,
Ble 00-lokllae,,,,,,
entalnup pep GukteuOuuuvlpp,,,,,,
Bellnua,,,,,,
Meeresspiegels,,,,,,
britischen Küste,,,,,,
WM-Gastgeber Katar,,,,,,
Nordwestmecklenburg,,,,,,
Handwerker-Kollegen,,,,,,
Nord-Stream-Leitungen,,,,,,
hochentzündlichemPropangas,,,,,,
Cianjur,,,,,,
Sa… [+1279 chars,,,,,,
Land Steiermark,,,,,,
Stadt Graz,,,,,,
VinziWerke,,,,,,
Wärmeräume,,,,,,
Gazproms,,,,,,
deutschen Staat,,,,,,
könnenNach,,,,,,
Portal Heizöl24,,,,,,
Verbilligtes Ticket,,,,,,
Nord Stream-Leck,,,,,,
Weinbau Spuren,,,,,,
Cuisles,,,,,,
Marnetal,,,,,,
deutschen Küste,,,,,,
Lagerfeuer,,,,,,
di…,,,,,,
Tempelhof-Schöneberg,,,,,,
Kohleausst,,,,,,
Neues Terminal,,,,,,
Olma,,,,,,
europäischen Küste,,,,,,
Biobauernhofs,,,,,,
Erzgebirgskreis,,,,,,
Sachsen-Anhalts Landesregierung,,,,,,
Freytags-Frage,,,,,,
Schottin,,,,,,
Nowa Kachowka,,,,,,
Golf,,,,,,
Bloß,,,,,,
ntv.de-Interviews,,,,,,
Singapur,,,,,,
Bhutans,,,,,,
Klimaschutz-Ranking,,,,,,
Pulsoxymeter,,,,,,
Blutsauerstoffgehalts,,,,,,
Slumbewohner,,,,,,
Mathare,,,,,,
sindâ€,,,,,,
Sächsischer Schweiz,,,,,,
Dänemarks,,,,,,
St. Galler Rheintal,,,,,,
siebenundsechzig,,,,,,
Spezialschiffe,,,,,,
Online-Vorlesungen,,,,,,
Energiefalle,,,,,,
Preisbörse,,,,,,
Kostprobe,,,,,,
Frankfurter Paar,,,,,,
Pipelines,,,,,,
Mittelplate,,,,,,
Gas-Havarie,,,,,,
knackst,,,,,,
Astana,,,,,,
Gdansk,,,,,,
Haushal,,,,,,
Schwedt,,,,,,
polnische Regierung,,,,,,
Lö…,,,,,,
Polen2.,,,,,,
Strompreisbremse3.,,,,,,
Gas-Geschäfte,,,,,,
Bayreuth,,,,,,
Ziegelsäul,,,,,,
Gas-Zentrum,,,,,,
Bangkok,,,,,,
Ludwigshafener,,,,,,
Ki,,,,,,
Novembermorgen,,,,,,
Thessaloniki,,,,,,
Südeuropäer,,,,,,
Buelale,,,,,,
Statistischen Bundesamt,,,,,,
Bali,,,,,,
Lang,,,,,,
LNG-Schiffe,,,,,,
LNG-Infrastruktur,,,,,,
Blackout-Katastrophe,,,,,,
SH,,,,,,
Pipelineprojekte,,,,,,
Sibirien,,,,,,
Oberg,,,,,,
Gas-Verteilzentrum,,,,,,
Agrosolar-Projekt,,,,,,
Klagenfurt,,,,,,
Villach,,,,,,
Abwarten,,,,,,
West-Java,,,,,,
Holzdiebstahl,,,,,,
Ukraine-Update am Abend,,,,,,
Pestizid-Zulassungen,,,,,,
tqbo dmbttµ#bsujdmf``mpdbujpo#?Epib/'octq´=0tqbo,,,,,,
Bretone,,,,,,
Artichaut,,,,,,
Rechtsprofessor Vogt,,,,,,
Gas-Lieferstopp,,,,,,
vel,,,,,,
Pehelpenel,,,,,,
Bleneu,,,,,,
Bep klplullpeke Beuheu,,,,,,
Bue 6epnllppekOele telpeu,,,,,,
rot-grün-gelben,,,,,,
Handwerkskammer Hamburg,,,,,,
Kurden,,,,,,
Camp al-Hol,,,,,,
dÃ¼rregeplagten Land,,,,,,
Mogadischu,,,,,,
Somalias,,,,,,
AKW Leibstadt,,,,,,
Wolken,,,,,,
Deutsc...,,,,,,
Wyschhorod,,,,,,
Kenianer,,,,,,
Flüchtlingsroute,,,,,,
N. Hahn.</em,,,,,,
Leitbaken,,,,,,
Oranienburg,,,,,,
Conoco,,,,,,
wirksa…,,,,,,
Somalier,,,,,,
Äthiopier,,,,,,
Christkindlmarkt,,,,,,
Café Laumer,,,,,,
Straßlach,,,,,,
Region München,,,,,,
heuer,,,,,,
Wels,,,,,,
Lich,,,,,,
Bochum,,,,,,
Uni,,,,,,
Stadt Hamburg,,,,,,
Kernkraftwerk Mühleberg,,,,,,
Bern,,,,,,
Landratsa,,,,,,
gebli,,,,,,
Atomkraftwerks Saporischschja,,,,,,
Deutschlands höchstem Berg,,,,,,
Strom-,,,,,,
Bundestagshaushaltsausschuss,,,,,,
Wirtschaftsstabilisierungsfonds zur Dä,,,,,,
Ilisu-Staudamm,,,,,,
Ilisu-Stausee,,,,,,
Hasankeyf,,,,,,
Weißen Haus,,,,,,
vereinigte Stadt,,,,,,
Soulsängerin,,,,,,
Billigfleisch-Theke,,,,,,
40–48,,,,,,
Peteneklnua lu pel,,,,,,
Stromversorgun,,,,,,
Flüssiggas-Lieferungen,,,,,,
Milliarden-Garantie,,,,,,
Energiehändler Trafigura,,,,,,
Efoo Qfs Nfsuftbdlfst,,,,,,
erric,,,,,,
Handelspreise,,,,,,
Wärmebus,,,,,,
kremltreue Moskauer Patriarchat,,,,,,
Wochenende,,,,,,
Atomkraftwerks Emsland,,,,,,
Corona-Beschränkungen,,,,,,
Scham,,,,,,
Wiens,,,,,,
Vorarlbergs,,,,,,
City West,,,,,,
Schaustellerverbands Berlin,,,,,,
Klinik- Schleiz,,,,,,
zuhilfe,,,,,,
Millionen-Hilfe,,,,,,
Pipeline,,,,,,
Zinsängste,,,,,,
Winter-Intermezzo,,,,,,
Eukalyptushaine,,,,,,
https://jamaltuschick.de/index.php?article_id=4372,,,,,,
Deutsche Bundesanwaltschaft,,,,,,
Sefe-Tochter,,,,,,
Mainfranken,,,,,,
Regierungsbezirk Kalmar,,,,,,
Urlaub am Main,,,,,,
Hokkaido-Shinkansen,,,,,,
Seikan-Tunnel,,,,,,
Buschenschänken,,,,,,
Gute,,,,,,
Russen-Raketen,,,,,,
Masc,,,,,,
Winterkirchen,,,,,,
Gas-Einkauf,,,,,,
Wetteraukreis,,,,,,
Deutschlands Gasspeicher-Füllstand,,,,,,
Winterwelle,,,,,,
Infektionslage,,,,,,
Humboldt Forum,,,,,,
Notfalltreffens,,,,,,
Deutschlands LNG-Zukunft,,,,,,
Gesamtenergieverbrauchs,,,,,,
Unternehmer-Paar,,,,,,
Neustadt in Holstein,,,,,,
Mittwochabend Platz,,,,,,
Sapporo,,,,,,
Hokkaido,,,,,,
Pipeline Druschba: Leck,,,,,,
Zillertaler Alpen,,,,,,
Inde,,,,,,
europäischen Staaten,,,,,,
Dürrealarm,,,,,,
griechi­schen,,,,,,
Verteidigungspläne,,,,,,
Kräftiger Regen von Westen,,,,,,
Hauptbahnhof Aschaffenburg,,,,,,
Wasserstoff-Heizungen,,,,,,
Brandberger Kolmhaus,,,,,,
Ölpipeline,,,,,,
Hohen Tauern,,,,,,
Preisgalopp,,,,,,
Behör,,,,,,
Bewegu,,,,,,
Energiespar-App,,,,,,
Kälteeinbruch,,,,,,
Gas-Spotmarkt,,,,,,
Ballermann-Sänger,,,,,,
Hannover-Berlin,,,,,,
kel veklpekelutlek,,,,,,
Ieunel,,,,,,
Lieferausfälle,,,,,,
Museum,,,,,,
Vogelsbergkreis,,,,,,
Dauerstau,,,,,,
Kloster Eberbach im Rheingau,,,,,,
Fürstentum Liechtenstein,,,,,,
Russlands Armee,,,,,,
Systemschaden,,,,,,
Sonnta,,,,,,
Optimierte,,,,,,
Landtagswahl5.,,,,,,
Land­wir­t,,,,,,
Geflügelausstellung,,,,,,
WIEH,,,,,,
Energiekunden,,,,,,
Camping: Weinfranken,,,,,,
Stellplatz,,,,,,
Wohnmobil,,,,,,
Weinfranken,,,,,,
Gaspreisbremse um?4.,,,,,,
Atomkraftwerks Neckarwestheim,,,,,,
Kra,,,,,,
South Sudan Police Service,,,,,,
Oberpfalz-Fotoband,,,,,,
Badherstellers Duravit,,,,,,
Aktienmarkt,,,,,,
Viehbetrieben,,,,,,
Maschinenbau-Gipf,,,,,,
we,,,,,,
H…,,,,,,
Jütland,,,,,,
Malakal,,,,,,
Verdi-Kundgebung,,,,,,
Milliarden-Hilfen,,,,,,
Gasfeldern,,,,,,
ausgeruf,,,,,,
Gasmangels,,,,,,
Kurzem,,,,,,
Ene,,,,,,
Neapel,,,,,,
Proteste im Iran,,,,,,
Schleswig-Holsteins Wäldern,,,,,,
Tages-Bestpreis,,,,,,
Weserbergland,,,,,,
Storks Spezialfutter,,,,,,
Bulaeaeu peu Uulpektoaeu pel,,,,,,
aekl,,,,,,
Standortvorteil Küste,,,,,,
Laa an der Thaya,,,,,,
Bezirk Mistelbach,,,,,,
Corona-Rezession,,,,,,
Gaspreishilfen,,,,,,
Stadt Zürich,,,,,,
Birr,,,,,,
WÃ¤rmepumpen,,,,,,
Landwirtschaftskammer Tirol,,,,,,
Chemieverbands VCI,,,,,,
Heizungsumbau in deutschen Häuse,,,,,,
dpa,,,,,,
DÃ¼rre-Sommer,,,,,,
Raubvogel-Angriffe,,,,,,
Petershain,,,,,,
Sachsens Karpfenbauern,,,,,,
Landestheater,,,,,,
Entlastungsformel,,,,,,
Biomüllentsorgung,,,,,,
Füllstän,,,,,,
Wegfal,,,,,,
Löcher,,,,,,
Budg,,,,,,
Großhandelsmarkt,,,,,,
Ostsee-Gaspipeline,,,,,,
Oberpframmern,,,,,,
Donâ€¦,,,,,,
Hauptrefinanâ€,,,,,,
Bundesrepublik g…,,,,,,
Energieaktien,,,,,,
Kostbares,,,,,,
Krisengewinner,,,,,,
österreichischen Grenze,,,,,,
Gasstation Baumgarten,,,,,,
Österr,,,,,,
Aldi Nord,,,,,,
September2022,,,,,,
Energie-Ausweg,,,,,,
Studierendenwohnheim,,,,,,
Vorarlberg Museum,,,,,,
Thüringer Ve,,,,,,
Vereinigten Arabischen Emirate,,,,,,
Haßberge,,,,,,
Kriegsgewinne,,,,,,
Unterwasservideo,,,,,,
Flugabwehr</li><li,,,,,,
Kältebus,,,,,,
Straße schlafen“,,,,,,
Baustelle k…,,,,,,
eingesp,,,,,,
Stre,,,,,,
Landkreis Freising,,,,,,
Europäern,,,,,,
Frackinggas,,,,,,
Ohlauer Straße,,,,,,
Chi,,,,,,
el-Sisi,,,,,,
Cannabis,,,,,,
Ukraine-Überblick,,,,,,
Xi,,,,,,
Baustelle,,,,,,
Emirats,,,,,,
Pellets-Hilfen,,,,,,
Glasgow,,,,,,
Kamin-Studioleiter,,,,,,
Billigeres,,,,,,
Fracking-VorstoÃŸ,,,,,,
Potsda,,,,,,
Deux Sèvres,,,,,,
Weiterbaggern,,,,,,
Kohletagebau Garzweiler,,,,,,
Tanker-Stau,,,,,,
Krisenwinter,,,,,,
Gasanschlüsse,,,,,,
Schweizern,,,,,,
Kohlenmonoxid-Leck,,,,,,
Energiekriegs,,,,,,
Moskaus,,,,,,
Gaspreis-Expertenkommission,,,,,,
Brüssels,,,,,,
Blockaden,,,,,,
Staat Verbrauchern und Wirtschaft,,,,,,
Zwisc,,,,,,
Windenergie-Ausbau,,,,,,
Ju,,,,,,
Bahnhof von Chiinu,,,,,,
Saturn,,,,,,
Deals,,,,,,
Empfin,,,,,,
Lütze,,,,,,
Iran-Protesten,,,,,,
Berliner Innenstad,,,,,,
Hamburger Hafens,,,,,,
Tankerbau,,,,,,
Stream1.,,,,,,
Flüchtlings-Notunterkunft,,,,,,
Digitalmessen,,,,,,
"Europas
E",,,,,,
Netzstabili,,,,,,
V…,,,,,,
Hauptbahnhof,,,,,,
Starenschwärme,,,,,,
Unzähli,,,,,,
Ukraine +++ Regierung,,,,,,
Washington DC,,,,,,
Selenskyj-Berater,,,,,,
Chinesen,,,,,,
Wasserstoff-Lieferung,,,,,,
Überschaubar,,,,,,
Unternehmenshilfen,,,,,,
Balmoral,,,,,,
Kreis Konstanz,,,,,,
Stadtsta,,,,,,
Kanzler-Basta,,,,,,
Twit,,,,,,
Wumms,,,,,,
Anti-Merkel,,,,,,
Geheim-Mission,,,,,,
Schwaben,,,,,,
Nordeuropa,,,,,,
Görlitz,,,,,,
Inflation,,,,,,
Energiekriese,,,,,,
Iron Dome,,,,,,
Ukre,,,,,,
Stickstoffproblem,,,,,,
Nationalpark Hainich,,,,,,
Agora-Ene,,,,,,
Kr,,,,,,
Tiefster,,,,,,
Flughafen Tegel,,,,,,
Krankenhäus,,,,,,
Vpellepeknuaphuettel,,,,,,
peu Bellv-POett-Ieth pnekeu,,,,,,
peuu,,,,,,
Scholcron,,,,,,
New Yorker Subway,,,,,,
Wärmepumpen-Revolution,,,,,,
OP-Utensilien,,,,,,
Personalausfälle,,,,,,
China-Bashing“ des Westens,,,,,,
Biozid-Einleitung,,,,,,
Gaspr,,,,,,
Naturwärme,,,,,,
Winkl,,,,,,
Pipeline Nord Stream 2,,,,,,
Ble outlllpekeu Bulpekelpnuaeu,,,,,,
ple vll vetlvell lealplllel,,,,,,
Chalkida,,,,,,
Stadt Hannover,,,,,,
europäischen Gewässern,,,,,,
Solarenerg,,,,,,
Terminal B,,,,,,
St… Der Öl-,,,,,,
Not-Übernachtungen,,,,,,
Wasserstoffes,,,,,,
Salzbrocken,,,,,,
Windenergie-Branche,,,,,,
plup,,,,,,
ple,,,,,,
MÃ¼nchen,,,,,,
b Zlttlelpeu Bnlu epaepekllepeu,,,,,,
Fünf-Sterne-Hotels,,,,,,
Energieversorge,,,,,,
Winter-Rezession,,,,,,
Ifo-GeschÃ¤ftsklima,,,,,,
Baiersbronn,,,,,,
derze,,,,,,
Wintershall Dea,,,,,,
Sichuan-Becken,,,,,,
haflaTr am aiDgtnes,,,,,,
Gaspreis-Bremse,,,,,,
Edtstadler,,,,,,
Tempo,,,,,,
Nedis,,,,,,
Kriegsgeschäfte,,,,,,
Ansprüchen,,,,,,
Bayerischen Landesanstalt für Landwirtsc,,,,,,
Raketenterror,,,,,,
Massachusetts,,,,,,
Euro-Zone,,,,,,
Sharm El,,,,,,
Plauen,,,,,,
Wertstoffzentrum,,,,,,
Wiener Netzte,,,,,,
Bahnstraße,,,,,,
Medienwoche,,,,,,
Dezember-Soforthi,,,,,,
Altersvorsorge,,,,,,
Flüchtlingsdorf,,,,,,
Berliner Containerdorf,,,,,,
Siemensstadion,,,,,,
Rohrdamm,,,,,,
Wärmest,,,,,,
Ex-Flughafen,,,,,,
Energienot,,,,,,
Parkowka-Straße,,,,,,
Konkurswelle,,,,,,
Praxis-Schließungen,,,,,,
Klima-Versprechen,,,,,,
Schlieren,,,,,,
Gasometer Schlierens Wahrzeichen,,,,,,
Klimaschutz-Zielen,,,,,,
Kretschmann,,,,,,
Energieve,,,,,,
Kerzenwärme,,,,,,
Landeshand,,,,,,
Griechenlands,,,,,,
Oberösterreicher,,,,,,
Check-Pflicht,,,,,,
ICE-Bahnhof Spandau,,,,,,
Berlin-Spandau,,,,,,
Havelufer,,,,,,
Pleite-Risiko,,,,,,
Wunder,,,,,,
Europas Küste,,,,,,
LNG-Schiffen,,,,,,
Terminal C.,,,,,,
"Terminal C.
",,,,,,
Ostsee-Gaspipeline Nord Stream,,,,,,
Isar 2,,,,,,
Strompreise-Bremse,,,,,,
Dresdner Messe,,,,,,
Tankrabatt,,,,,,
Baumkuchenproduktion,,,,,,
Männerwohnheim,,,,,,
Agri-PV-Anlagen,,,,,,
Bruck an der Leitha,,,,,,
Kü,,,,,,
Neckarwestheim 2,,,,,,
RWE-Aktie,,,,,,
Emsland,,,,,,
Oppositi,,,,,,
Usedom,,,,,,
Freilaufstalls,,,,,,
Bahnhof Stettbach,,,,,,
Peloponnes,,,,,,
Abwehrschirm,,,,,,
Transnistrien,,,,,,
Levi,,,,,,
Klimavorrang,,,,,,
Tiny Houses,,,,,,
Cop27,,,,,,
Baumarktes Toom,,,,,,
Vorhängeschloss,,,,,,
Bosch-Wärmepumpen,,,,,,
Bezirken,,,,,,
Strawweight,,,,,,
Landesgebäude,,,,,,
Gastbeitr,,,,,,
LNGs,,,,,,
Scharm El-Scheich,,,,,,
F…,,,,,,
Windrad-Verbot,,,,,,
Thüringens Wäldern,,,,,,
Verschmutzer,,,,,,
Gasverbrauchs,,,,,,
Primärsektor,,,,,,
Bundesverfassungsgericht,,,,,,
Ble Bulpekelpnua,,,,,,
Reichs,,,,,,
Nachbar-Dach,,,,,,
Wuppertaler,,,,,,
Arterra,,,,,,
Obda,,,,,,
Fracking-Verbot,,,,,,
Mittelrh,,,,,,
Linz,,,,,,
Straßenmeistereien,,,,,,
Räumdienste,,,,,,
Rekord-Inflation,,,,,,
Fake-Webseiten,,,,,,
Pankower See,,,,,,
WeiÃŸen Sees,,,,,,
Xfs,,,,,,
Obdicbsâ€,,,,,,
Bundesne,,,,,,
Energiespar-Ikone,,,,,,
Energiep,,,,,,
Vestas,,,,,,
Windkraftanla,,,,,,
Chisi,,,,,,
Arno-Nitzsche-Straße,,,,,,
Novemberhälfte,,,,,,
Kramatorsk,,,,,,
den EU-Ländern,,,,,,
Pllu,,,,,,
GaslÃ¼cke,,,,,,
Lau,,,,,,
Entlastungs-Finanzpaket,,,,,,
europäis,,,,,,
Situa,,,,,,
Schnäppchenpreis,,,,,,
Länder-Ministerpräsidentenkonf,,,,,,
bewa,,,,,,
Angebotsschock,,,,,,
Nettoverluste,,,,,,
Wolf,,,,,,
LÃ¼tzeraths,,,,,,
Saline-Sauna,,,,,,
Te,,,,,,
Rekord-Infla,,,,,,
Evas Obdach,,,,,,
Neuköln,,,,,,
Ochs am Berg,,,,,,
Margreid,,,,,,
Start-up-Check,,,,,,
Caritas-Verbandes,,,,,,
Berenberg,,,,,,
AbhÃ¤ngigkeiten,,,,,,
Elsfleth,,,,,,
Trieben,,,,,,
Triebener,,,,,,
Herrenwaldrückens,,,,,,
GasspeicherIm,,,,,,
Lichtgebrauch,,,,,,
Musk,,,,,,
Windows-Attacken,,,,,,
Energiespargründen,,,,,,
Germering,,,,,,
industriellen Süddeutschland,,,,,,
senken,,,,,,
Berlin</em,,,,,,
Sitzheizungen,,,,,,
Land Schleswig-Holstein,,,,,,
Fernleitungsnetzbet,,,,,,
essen,,,,,,
Seishu Maru,,,,,,
Gen-Analysen,,,,,,
U-Bahnhof-Eingang,,,,,,
Mecklenburg-Vorp,,,,,,
Wechselduschen,,,,,,
Kanzlers2.,,,,,,
Frankfurts,,,,,,
Rekordmenge,,,,,,
Uno-Klimagespräche,,,,,,
Georgien,,,,,,
Tbilissi,,,,,,
Thüringer Landesregierung,,,,,,
Planeten,,,,,,
Ostasiens,,,,,,
kündig,,,,,,
Finanztip-Ch,,,,,,
Winter-Vorboten,,,,,,
Sinai-Halbinsel,,,,,,
Europas Küs,,,,,,
Wisla,,,,,,
Hocke,,,,,,
Treibens,,,,,,
Hermannplatz,,,,,,
Trafigura,,,,,,
Paderborn,,,,,,
Bohftjdiut,,,,,,
Golfclub Hamburg Wendlohe,,,,,,
Überwintern,,,,,,
Tiefdruckautobahn,,,,,,
Bundesstaat Kalifornien,,,,,,
Truppenübungsplatz,,,,,,
Günstiges,,,,,,
Mittelmeer-Gas,,,,,,
Urtei,,,,,,
Leck,,,,,,
Stadt Potsdam,,,,,,
Dn,,,,,,
Bundesamt für Seeschifffahrt,,,,,,
Sedimentproblem,,,,,,
Elbschlick,,,,,,
Vo,,,,,,
Haus für Menschen in Not,,,,,,
Nöfer,,,,,,
Berlin-Marzahn,,,,,,
Bio-Hektar,,,,,,
Schwedische Küstenwache,,,,,,
Stadthausbrücke,,,,,,
Entlastungspaket,,,,,,
Provinz Aceh,,,,,,
Skikaiser,,,,,,
Bönningstedt,,,,,,
Nord Stream-Gaspipelines,,,,,,
Zentralafrikanische Republik,,,,,,
BW,,,,,,
Drei-Sterne,,,,,,
Waldhotel Sonnora,,,,,,
Hamburger S-Bahn,,,,,,
Deutsche Bahn,,,,,,
Extremen,,,,,,
Bangladesh,,,,,,
8er-Vorteilspaket inklusi…,,,,,,
Ravensburg,,,,,,
Mittelgebirge,,,,,,
Ukraine-Krieg sor…,,,,,,
Bagdad,,,,,,
Portugals Regierung,,,,,,
Creso gGm,,,,,,
Flüchtlingsunterkun,,,,,,
Äthiopien,,,,,,
Offshore-Windpark Riffgat,,,,,,
Sparanreiz,,,,,,
Südtirols,,,,,,
Elbmündung,,,,,,
Schwitz!,,,,,,
Saunieren,,,,,,
Sauna,,,,,,
Kohle-Gas-Duo Krebber,,,,,,
norddeutschen Küste,,,,,,
Wein-Kennern,,,,,,
Ber,,,,,,
Ammoniak,,,,,,
Land der Hexensalben,,,,,,
faz,,,,,,
Abendschau,,,,,,
Mann,,,,,,
Wohnfläche,,,,,,
Steirer,,,,,,
Alkoholprodukten,,,,,,
Weinland Italien,,,,,,
Périers,,,,,,
Sägistalsee,,,,,,
Glatte Straßen,,,,,,
Heizungs-Check,,,,,,
Kohlekraftwerk Mellach,,,,,,
Mannes,,,,,,
Netze,,,,,,
Grundversorgungs-Tarif,,,,,,
Mecklenburg-Vorpomm,,,,,,
Museum Penzberg,,,,,,
Kursge,,,,,,
Lwiw,,,,,,
Palast,,,,,,
Maingau,,,,,,
"Landes für ""Rhein",,,,,,
Brandenburg auf der Grünen,,,,,,
Halle 21a d…,,,,,,
Stadtwerken,,,,,,
Hunderttausenden,,,,,,
Extremschwimmer Lewis Pugh,,,,,,
Montjuïc,,,,,,
Militärkapelle,,,,,,
Nationalen Kunstmuseum Kataloniens,,,,,,
Hamburg Wendlohe,,,,,,
Rhein-Main-Region,,,,,,
Spendenlager,,,,,,
von Staat und Wirtschaft,,,,,,
Euro-Land,,,,,,
Benchmark-Futures,,,,,,
Vernuscheln,,,,,,
Funk-Band Earth,,,,,,
Planquadrat,,,,,,
Hooksiel,,,,,,
Südkoreas,,,,,,
Glitzer-Wunderland,,,,,,
Vu,,,,,,
China-Reisende,,,,,,
Wasserstoff-Netze,,,,,,
Erdgas-Pipelines,,,,,,
Bäderland,,,,,,
Thüringer Autobahnen,,,,,,
Lunz,,,,,,
Pipeline-Chaos,,,,,,
Affiliate-Links,,,,,,
Herrmannsdorf,,,,,,
Herrmannsdorfer Landwerkstätten,,,,,,
Cargo-Mode-Revival,,,,,,
Anden,,,,,,
S-H,,,,,,
Bleneu Ple plek,,,,,,
Celebrate at the Gate,,,,,,
Veranstal,,,,,,
Scharfe Lanke,,,,,,
Wohnkrise,,,,,,
Schloss Bensberg,,,,,,
Bergisch Gladbach,,,,,,
Weinanbau,,,,,,
Lutherstadt Wittenberg,,,,,,
Zentralanstalt für Meteorologie und Geodynamik,,,,,,
Landes h…,,,,,,
Bergland Salzburg,,,,,,
Schneeinseln,,,,,,
Schneeinseln Ski,,,,,,
InterCont,,,,,,
Niedersa,,,,,,
Windenergie-Ausbauziel,,,,,,
Silvester,,,,,,
zeitweisem Regen,,,,,,
He,,,,,,
Feldheim,,,,,,
Heuberg,,,,,,
Oberau,,,,,,
Protestdorf,,,,,,
Weinspach,,,,,,
Rumäniens,,,,,,
Baumuniversität,,,,,,
Cot,,,,,,
Versicher,,,,,,
January,,,,,,
Welt-Flüchtlinge,,,,,,
Toilettencontainer,,,,,,
Obertauern,,,,,,
Siwersk,,,,,,
Gefrierpunkts,,,,,,
Mobilitätsgipfel,,,,,,
Land des Windes,,,,,,
Amt für Statistik Berlin-Brandenburg,,,,,,
Schneedepot,,,,,,
Snow-Farming,,,,,,
Montecito,,,,,,
felsdurchsetztes Ge,,,,,,
Haselnussbraun,,,,,,
Walmendingerhorn,,,,,,
Kombucha,,,,,,
Walmendinger Alpe,,,,,,
Cuxhaven,,,,,,
Einsparbemühungen,,,,,,
Boss Löwe,,,,,,
Norweger,,,,,,
Neubrandenburg,,,,,,
Offshore-Service-Techniker,,,,,,
Fine-Dining-Restaurants,,,,,,
Nordsee-Stürme,,,,,,
Warmes Haus,,,,,,
Bund-Länder-Beratungen,,,,,,
Doppelsperrung,,,,,,
Alexanderplatz,,,,,,
Nord-Süd-Tunnels,,,,,,
Großbezirk,,,,,,
Cem Özdemir,,,,,,
Ipif,,,,,,
Vlsbjof,,,,,,
Gatersleben,,,,,,
Facebook-Fahndung,,,,,,
Houston,,,,,,
Kölner Verkehrsbetriebe,,,,,,
Elsässer,,,,,,
Heizgeschenk vom Staat,,,,,,
Zahlu,,,,,,
Baye,,,,,,
Bistums Mainz,,,,,,
Hofbräuhaus,,,,,,
Armutsbetroffene,,,,,,
Österreichs Skigebiete,,,,,,
Düsseldorfs,,,,,,
Wein-Influencer,,,,,,
Graf-Adolf-Platz,,,,,,
Bevely,,,,,,
Glashütten,,,,,,
Currywurst,,,,,,
!,,,,,,
Sölden,,,,,,
Ötztal,,,,,,
Tauern-Autobahn,,,,,,
Lawinen-Abgang,,,,,,
Stuttgarter S-Bahn-Verkehr,,,,,,
Irrsdorf,,,,,,
Blickfeld,,,,,,
Le Petit P.,,,,,,
ÖPNV.STORY,,,,,,
Roten Rathaus,,,,,,
Berner,,,,,,
BERLIN,,,,,,
Lubmin +++ CDU-Politiker,,,,,,
Füllstandziel,,,,,,
Landestheater Schwaben,,,,,,
Schlachthofviertel,,,,,,
Fulda,,,,,,
Flachgau,,,,,,
Rhön,,,,,,
Miet-,,,,,,
Massen,,,,,,
Salzburger Altstadt,,,,,,
Gasthof Steinlechner,,,,,,
Salzburg-Parsch,,,,,,
Mo,,,,,,
Bistum Fulda,,,,,,
Zillertal,,,,,,
Mönichkirchen-Marien,,,,,,
Bistum Mainz,,,,,,
mittlerwei,,,,,,
Weinkeller,,,,,,
Natursteinmauern,,,,,,
Erdbeben am Montag,,,,,,
Courchevel,,,,,,
Erdbeben in Türkei,,,,,,
Zug,,,,,,
Gasfeld Urengoi,,,,,,
Erdbeben der Stärke,,,,,,
Sachsens Kältekammer,,,,,,
Castello di Casole41 Suiten,,,,,,
Gasdepot,,,,,,
Wetter-Tick,,,,,,
Entwick,,,,,,
Agrarflächenpreise,,,,,,
Statistischen Landesamtes,,,,,,
Agrivoltaik-Anlage,,,,,,
Tützpatz,,,,,,
Landkreis Mecklenburgische Seen… Vattenfall,,,,,,
Sonnenuntergangsblick,,,,,,
Zypressen,,,,,,
Wasserkuppe,,,,,,
Bezirk Kirchdorf,,,,,,
Stefan,,,,,,
Lauter,,,,,,
Provisorium,,,,,,
Leipzi,,,,,,
Mount Babylon,,,,,,
Hemel-en-Aerde,,,,,,
Astabbruch,,,,,,
Strittig,,,,,,
Erdgas-Vorkommen,,,,,,
Dubai,,,,,,
Börsen-Mitteilungen,,,,,,
Bezirk Vöcklabruck,,,,,,
Energiepreis-Explosion,,,,,,
Wahlstedts,,,,,,
Brokdorf,,,,,,
Radebeul,,,,,,
Landkreis Rosenheim,,,,,,
Bauernâ€,,,,,,
Wieselkiez,,,,,,
Landwirtschaftsta,,,,,,
Meilitz,,,,,,
Metropolishalle,,,,,,
Qsfttflpogfsfo{ wps efn fs…,,,,,,
Agrar-Lücke,,,,,,
Weizenexport,,,,,,
Gas-Fragen,,,,,,
Bundesamtes für Migration und Flüchtlinge,,,,,,
Gatow,,,,,,
Suppenküche Spandau,,,,,,
Kastanienallee,,,,,,
Bad Tölz-Wolfratshausen,,,,,,
Schimmelflecke,,,,,,
Mobilitätskompetenz,,,,,,
Hamb,,,,,,
Preisanstiegen,,,,,,
gezei,,,,,,
Verkehrsverhaltens,,,,,,
Brasiliens,,,,,,
Gesundheitsministeriums,,,,,,
Niedersachsen-Wahl,,,,,,
Wohnungssektor,,,,,,
Gesam… Für einen gemütlichen Winterabend,,,,,,
Gran Reserva,,,,,,
Domstadt,,,,,,
Glätte,,,,,,
Neustad,,,,,,
Gas-Preis,,,,,,
Küste Bornholms,,,,,,
Kalvarienberg,,,,,,
Schlittenvergnügen am  ,,,,,,
Tölzer,,,,,,
Na,,,,,,
Insel Bornholm,,,,,,
Aserbaidschan,,,,,,
Ford,,,,,,
Exportausfälle,,,,,,
Soja-Markt,,,,,,
Mittelmeer-Land,,,,,,
Einwegflasche,,,,,,
Schneesturm-Bedingungen,,,,,,
Siziliens,,,,,,
Siracusa,,,,,,
Val dOrcia,,,,,,
Freshfields,,,,,,
Guardia di Finanza,,,,,,
Ölheiz,,,,,,
Dinger,,,,,,
Schwimmbads,,,,,,
Wetterlage im Ticker - Heftige Sturmböen,,,,,,
Böengefahr,,,,,,
Mansfelder Land,,,,,,
Sturm,,,,,,
Rheurdt,,,,,,
Niederrh,,,,,,
word,,,,,,
Verhandlungsraum,,,,,,
Stocken,,,,,,
Eilverf,,,,,,
Erneubaren,,,,,,
Deutschlands Skigebiete,,,,,,
US-Interesse,,,,,,
Ski-,,,,,,
Notwohnungen,,,,,,
Universität Osn,,,,,,
Pflanzentürme,,,,,,
Dillingen a.d.,,,,,,
nords,,,,,,
Energiealternativen,,,,,,
Offshore-Boom,,,,,,
Wallern,,,,,,
Bezirk Neusiedl am See,,,,,,
Max-Morlock-Stadion,,,,,,
Bahnhof Brokstedt,,,,,,
Bahnhof Broksted,,,,,,
Klima-Konjunktiv,,,,,,
Landtagdebatte,,,,,,
Luftalarm,,,,,,
Offshore-Windpark,,,,,,
Tagesgeld-Alternativen,,,,,,
Freileitungsmonitoring,,,,,,
Ent­fernungen,,,,,,
Rufbussen,,,,,,
Shuttl,,,,,,
Eifel-Skiort,,,,,,
Giffey,,,,,,
Ostschweizer,,,,,,
Heizungsersatz,,,,,,
Gro,,,,,,
Wanderschuhen,,,,,,
Marokko Spanien,,,,,,
Längeres Warten,,,,,,
Schneemannbauen,,,,,,
Nordmeer,,,,,,
Cap Camp,,,,,,
Sichtw,,,,,,
Heizkost,,,,,,
Brüssler,,,,,,
Ratsgebäude,,,,,,
Berliner Stadtmission,,,,,,
Ersatzunterkunft,,,,,,
Pandemiebeginn,,,,,,
Innsbrucker,,,,,,
Schusterbergweg,,,,,,
Brexit-Fond,,,,,,
Einfache Sofortlösungen,,,,,,
Bundesta,,,,,,
Land am Horn von Afrika,,,,,,
Frankfurter Flughafen,,,,,,
Augsburger,,,,,,
Industrie-Preisbremse,,,,,,
st…,,,,,,
Ukraine-Reporterin,,,,,,
Dürreereignissen,,,,,,
Embargo,,,,,,
Bundesregi,,,,,,
Urusula,,,,,,
Gipf,,,,,,
Weihnachts-Angebot,,,,,,
Sandoval Gran Reserva,,,,,,
Goldprämiertes Rotweinpaket,,,,,,
Haus Elisabeth,,,,,,
Landesamt,,,,,,
Notschlafstell,,,,,,
Strombremsen,,,,,,
Wetterprog,,,,,,
Rohrschaden,,,,,,
Mumbai,,,,,,
Schwimmende Windkraftanlage,,,,,,
Nizza,,,,,,
Dessau-Wörlitzer Gartenreich,,,,,,
Dessau-Wörlitzer,,,,,,
Langen,,,,,,
Prenzlauer Berg,,,,,,
Eisregen,,,,,,
Flughafen München,,,,,,
Trüffelsuche,,,,,,
baldi,,,,,,
Anklam,,,,,,
Samstagmorgens,,,,,,
npshfoqptu,,,,,,
blic,,,,,,
Dauerfrost,,,,,,
Energie-Preisbremsen,,,,,,
Mailand,,,,,,
Sparzielen,,,,,,
Friedric,,,,,,
Kurioses,,,,,,
Leverkusen-Opladen,,,,,,
Wetterlage im Ticker - Eisglätte,,,,,,
A96,,,,,,
Flüssigerdgas-Terminal,,,,,,
Spezialschiffes,,,,,,
Aquadom,,,,,,
Energiepreish,,,,,,
Fran,,,,,,
Leserdebatte,,,,,,
Ungarns,,,,,,
Federal Reserve,,,,,,
Bundesnetzagentur: Strom-,,,,,,
Heizpaneelen,,,,,,
St. Marien,,,,,,
Erzdi,,,,,,
Sicherheitspuffern,,,,,,
sSachsen,,,,,,
Turkana,,,,,,
Europaaus,,,,,,
Donnerstag Preisbremsen,,,,,,
Südschwarzwald,,,,,,
Berlin-Schmargendorf,,,,,,
Orber Straße,,,,,,
Schmargendorf,,,,,,
Tiergarten,,,,,,
Schönbrunn,,,,,,
Sibirischen,,,,,,
MainzSchlecht,,,,,,
Glatteis,,,,,,
Geldbörsel,,,,,,
die Schweiz,,,,,,
Ter,,,,,,
Hüttikon,,,,,,
Wind-Pyramide,,,,,,
Märkische Golfplatz,,,,,,
Kemnitz,,,,,,
Havelland,,,,,,
Gasrechnungen,,,,,,
Skigebiet Feldberg,,,,,,
Xinhua,,,,,,
Vogtlandkreis,,,,,,
MidCat-Pipeline,,,,,,
Empire State Building,,,,,,
ZHAW Wädenswil,,,,,,
Wi,,,,,,
DÃ¼sseldorf,,,,,,
Gasterminals,,,,,,
Bep penlpeke Zllletaepllae plelel helae Pnpplekleu,,,,,,
Zekl,,,,,,
Stadt Offenbach,,,,,,
Spitzenklasse-Rotwein,,,,,,
Salzlandkreis,,,,,,
Kreml-Initiative,,,,,,
Stuss,,,,,,
Militä,,,,,,
Nonnemacher,,,,,,
Maubach,,,,,,
Brustkebs,,,,,,
Abschlagszahlun,,,,,,
Belarussen,,,,,,
Ukrainer,,,,,,
Lettland,,,,,,
Gaspreiskommission,,,,,,
Pan,,,,,,
Corona: Bayern,,,,,,
Tausend-Kilometer-Front,,,,,,
Buslärm,,,,,,
Garissa,,,,,,
Tierh,,,,,,
Schlü,,,,,,
Darmstadt-Dieburg,,,,,,
Dienstagaben,,,,,,
Lebensbedrohliche,,,,,,
Emscherstraße,,,,,,
Oberharz am Brocken,,,,,,
Zwiebel,,,,,,
Küc,,,,,,
Wettkampft,,,,,,
unsplash,,,,,,
BILD,,,,,,
Autobah,,,,,,
Polizeiwach,,,,,,
Afghanen,,,,,,
Political-Moments,,,,,,
Beitra,,,,,,
Titisee-Neustadt,,,,,,
Gasspeicher-Verband,,,,,,
Elsass,,,,,,
Klimafront,,,,,,
Schadstoffausstoss,,,,,,
Aachen,,,,,,
Andahuaylas,,,,,,
Heizlüfter-Boom,,,,,,
Wintersport-Touristen,,,,,,
Silvrettaseilbahn,,,,,,
Vergleichsjahren,,,,,,
Degitalisierung,,,,,,
Bernkastel,,,,,,
US-Erzeugerpreise,,,,,,
Reichsbürger-Razzia,,,,,,
Fabriktor,,,,,,
Inflationswelle,,,,,,
Schnellstraßen-Abschnitten,,,,,,
Südautobahn,,,,,,
A2,,,,,,
Wechselgebiet,,,,,,
Wiener Außenringautobahn,,,,,,
A21,,,,,,
Weissrussland,,,,,,
Bremer Ratskeller,,,,,,
Getreide-Transit,,,,,,
Piwdenni,,,,,,
Slowenien,,,,,,
Ba,,,,,,
Kl…,,,,,,
Preis-Wumms,,,,,,
MÃ¼nchens,,,,,,
Sankt Pete,,,,,,
​,,,,,,
Vilanova de S,,,,,,
Wirtshauses,,,,,,
Verbrauch,,,,,,
Fingerfood,,,,,,
Katalogdeals,,,,,,
Vergütungsstreit,,,,,,
Tiktok,,,,,,
Schönwetterradler,,,,,,
Str,,,,,,
Pariser,,,,,,
Midcat-Projekt,,,,,,
Parkbuchten,,,,,,
Mittes Parkbuchten,,,,,,
Dinieren,,,,,,
Höchs,,,,,,
Landkreis Bad Tölz-Wolfratshausen,,,,,,
Anbietern,,,,,,
Warendorf,,,,,,
Niederdorf,,,,,,
Kältewelle,,,,,,
Weihnachtswetter,,,,,,
Windeln,,,,,,
Milwaukee Mitchell International Airport,,,,,,
Klima-Podcast,,,,,,
Landk,,,,,,
Ibvqutubeu sfdiofo ýcfs efo Xjoufs,,,,,,
unprobl,,,,,,
Datteln,,,,,,
Statistis,,,,,,
Altstadt,,,,,,
Minneapolis,,,,,,
Sprungtrainer,,,,,,
Berliner Senat,,,,,,
Tempelhofer Flughafen,,,,,,
Klopfgeräusche,,,,,,
MVV-Fahrplanwechsel,,,,,,
Euer Hotel,,,,,,
Spa Hotel,,,,,,
Langenlois,,,,,,
utteu,,,,,,
otoplelle,,,,,,
vel pep Oekl,,,,,,
Weihnachtspläne,,,,,,
Ferne,,,,,,
Hotlines,,,,,,
Krisenhilfen,,,,,,
österreich,,,,,,
Niagarafällen,,,,,,
Holzpellet,,,,,,
Nahtodzustand,,,,,,
Wint,,,,,,
Durchschnit,,,,,,
Arbeitsplatz,,,,,,
Niagara,,,,,,
Rebensäfte,,,,,,
Top-Anbaugebiet,,,,,,
Niagara River,,,,,,
härt… Die Treibhausgasemissionen,,,,,,
Ontario,,,,,,
Gas-Pipeline,,,,,,
New Y,,,,,,
VelQveuaeu,,,,,,
Är,,,,,,
Heizkraftwerk Süd,,,,,,
Ohnmächtige,,,,,,
Saint-Nicolas de Véroce,,,,,,
Energiebetreibern,,,,,,
Staat New York Bundeshilfe,,,,,,
Heftiger Wintersturm,,,,,,
Schöneberger Bülowstrasse,,,,,,
US-Bürger,,,,,,
Ruhestatus,,,,,,
Extremversion,,,,,,
Staat New York,,,,,,
Eriesee,,,,,,
US-Meteorologen,,,,,,
Arktischer Wintersturm,,,,,,
Sowjetrussland,,,,,,
Ostsee-Pipeline,,,,,,
Weihnachtswochenende – Zahl der Toten,,,,,,
Kreuzberg,,,,,,
Xåisfoe,,,,,,
voe {v Tzmwftufs,,,,,,
Xbt eb,,,,,,
Erie County,,,,,,
Kohledorf,,,,,,
Baumh,,,,,,
Welterbeparks,,,,,,
Deutschlands Wintersportorte,,,,,,
Regnerisches Wetter,,,,,,
Tr...,,,,,,
Süd-,,,,,,
Liebesbeweisen,,,,,,
Rettungspla,,,,,,
Waldes,,,,,,
Landkreis Kulmbach,,,,,,
Marktschorga,,,,,,
Kulmbach,,,,,,
Mechanismius,,,,,,
Vor-Corona-Niveau,,,,,,
St…,,,,,,
Dezemberhilfe,,,,,,
Weizen-Garben,,,,,,
Weihnachtsfasten,,,,,,
Studentenhilfe,,,,,,
Innsbrucker Treibhaus,,,,,,
Minsk,,,,,,
Minsker Flughafens,,,,,,
elOnlpaetoklpel,,,,,,
Tiefkühlkosthersteller Frosta,,,,,,
Büroflur,,,,,,
Bilderbuchwetter,,,,,,
Korruptionsskandal,,,,,,
T,,,,,,
Winterschock,,,,,,
Winteridylle,,,,,,
Kleine Skigebiete,,,,,,
St. Jakob im Walde,,,,,,
Joglland,,,,,,
Mönichwald,,,,,,
Strallegg,,,,,,
Wenigzell,,,,,,
Turnzelt,,,,,,
Veddel,,,,,,
MünchenDeutschland,,,,,,
Sankt Petersburg3.,,,,,,
Kreis Alzey-Worms,,,,,,
Sankt Petersburg,,,,,,
Weizens,,,,,,
Europa essen,,,,,,
Fusarium-Pilzen,,,,,,
Fusarium-Pilz,,,,,,
West-,,,,,,
Prager,,,,,,
Bad Homburger Kreuz +++ Schmuddelwetter,,,,,,
Verkau,,,,,,
Achtes EU-Sanktionspaket,,,,,,
Dividendenstichtag,,,,,,
Universitätsklinikums Hamburg-Eppendorf,,,,,,
UKE,,,,,,
Polarjet,,,,,,
S-Bahnpläne,,,,,,
Spandauer Westen,,,,,,
Staaken,,,,,,
Bocksbeutelkrise,,,,,,
Balishe,,,,,,
Cum-Ex-Steuerhinterziehungsskandal,,,,,,
Punta Arenas,,,,,,
Chico-Geschenke,,,,,,
AKW Saporischschja,,,,,,
(42),,,,,,
Schuhbeck-Eck,,,,,,
Klimafarm,,,,,,
Antibiotika-Einsatz,,,,,,
Oberrhein,,,,,,
Aktiendeals,,,,,,
Bundesgerichtshof,,,,,,
Bestechungsskandal,,,,,,
Weihnach,,,,,,
Handelsblatt-Büros,,,,,,
Skisprung-Trainer,,,,,,
Skispringen,,,,,,
Stadt Kasan,,,,,,
russisc…,,,,,,
Ukraine-News,,,,,,
Metropol-Modellregion,,,,,,
Warme,,,,,,
Aufwärmorte,,,,,,
Feuerinferno,,,,,,
Samstagsfahrplan,,,,,,
Notunterbringung von Ukrainern,,,,,,
Einsatz am Breitscheidplatz,,,,,,
Berlin-Charlottenburg,,,,,,
Teilrepublik Tschuwaschien,,,,,,
EU-Kommision,,,,,,
Feuer,,,,,,
Linien-Bus,,,,,,
Graz-Umgebung,,,,,,
